"Date","Price","Open","High","Low","Vol.","Change %"
"Dec 31, 2018","233.20","232.33","233.26","231.05","5.08M","1.18%"
"Dec 28, 2018","230.48","232.71","233.81","229.67","7.27M","-0.34%"
"Dec 27, 2018","231.26","225.54","231.37","222.53","7.95M","1.11%"
"Dec 26, 2018","228.71","219.19","228.74","216.97","9.76M","4.86%"
"Dec 24, 2018","218.10","222.50","223.31","217.88","7.02M","-2.67%"
"Dec 21, 2018","224.09","229.01","232.47","223.85","10.24M","-2.10%"
"Dec 20, 2018","228.89","232.59","233.37","226.95","11.91M","-1.94%"
"Dec 19, 2018","233.42","237.55","241.20","232.07","9.55M","-1.66%"
"Dec 18, 2018","237.36","238.44","239.81","235.67","5.35M","0.39%"
"Dec 17, 2018","236.43","240.04","241.40","235.05","7.04M","-2.07%"
"Dec 14, 2018","241.42","244.06","244.83","240.82","6.59M","-1.97%"
"Dec 13, 2018","246.27","246.42","247.86","245.17","4.46M","0.16%"
"Dec 12, 2018","245.88","247.39","248.76","245.65","3.73M","0.68%"
"Dec 11, 2018","244.23","248.44","248.50","242.66","5.65M","-0.20%"
"Dec 10, 2018","244.71","243.94","245.49","239.25","6.02M","0.16%"
"Dec 07, 2018","244.31","249.66","251.41","243.29","5.96M","-2.17%"
"Dec 06, 2018","249.72","246.36","249.87","242.82","8.23M","-0.40%"
"Dec 04, 2018","250.73","257.64","258.04","250.38","5.38M","-3.09%"
"Dec 03, 2018","258.73","260.17","260.30","257.02","9.52M","1.26%"
"Nov 30, 2018","255.51","253.10","255.84","252.83","2.99M","0.76%"
"Nov 29, 2018","253.59","253.60","254.97","252.22","3.47M","-0.10%"
"Nov 28, 2018","253.84","249.12","253.84","248.59","5.13M","2.56%"
"Nov 27, 2018","247.50","245.18","247.53","244.14","2.93M","0.45%"
"Nov 26, 2018","246.39","244.87","246.73","244.68","3.44M","1.47%"
"Nov 23, 2018","242.81","243.25","244.03","242.71","1.93M","-0.75%"
"Nov 21, 2018","244.65","245.84","246.63","244.58","4.26M","0.06%"
"Nov 20, 2018","244.50","246.36","246.93","243.53","7.34M","-2.15%"
"Nov 19, 2018","249.86","253.61","253.78","248.84","4.25M","-1.65%"
"Nov 16, 2018","254.05","251.79","254.96","251.34","4.53M","0.33%"
"Nov 15, 2018","253.22","250.20","254.00","248.35","5.67M","0.92%"
"Nov 14, 2018","250.91","255.02","255.29","249.67","5.61M","-0.85%"
"Nov 13, 2018","253.06","253.83","255.37","252.23","3.94M","-0.46%"
"Nov 12, 2018","254.22","259.70","259.92","253.68","10.15M","-2.26%"
"Nov 09, 2018","260.09","261.16","261.45","259.04","4.39M","-0.77%"
"Nov 08, 2018","262.10","261.53","262.97","260.97","4.02M","0.12%"
"Nov 07, 2018","261.78","258.46","261.86","257.50","4.46M","2.17%"
"Nov 06, 2018","256.23","254.53","256.38","254.33","2.19M","0.69%"
"Nov 05, 2018","254.48","252.84","254.93","252.50","2.83M","0.80%"
"Nov 02, 2018","252.46","255.38","255.60","250.58","6.41M","-0.50%"
"Nov 01, 2018","253.73","252.15","253.83","250.91","3.27M","1.01%"
"Oct 31, 2018","251.19","250.94","253.22","250.39","5.38M","1.00%"
"Oct 30, 2018","248.70","244.44","248.94","244.09","6.15M","1.73%"
"Oct 29, 2018","244.47","248.72","250.24","241.05","6.83M","-0.84%"
"Oct 26, 2018","246.53","247.38","249.04","244.31","5.88M","-1.30%"
"Oct 25, 2018","249.77","247.33","250.93","246.25","5.92M","1.68%"
"Oct 24, 2018","245.64","252.40","252.89","245.18","7.62M","-2.40%"
"Oct 23, 2018","251.67","249.04","252.93","247.52","7.36M","-0.54%"
"Oct 22, 2018","253.04","255.07","255.44","252.20","4.66M","-0.50%"
"Oct 19, 2018","254.32","254.23","255.98","253.34","6.62M","0.25%"
"Oct 18, 2018","253.68","256.11","256.86","252.32","8.69M","-1.28%"
"Oct 17, 2018","256.97","256.92","258.02","254.67","6.82M","-0.37%"
"Oct 16, 2018","257.92","254.62","258.11","253.98","7.10M","2.21%"
"Oct 15, 2018","252.34","252.87","254.74","252.34","5.50M","-0.38%"
"Oct 12, 2018","253.30","254.36","254.61","249.93","8.63M","1.21%"
"Oct 11, 2018","250.27","254.73","256.73","248.86","15.27M","-2.26%"
"Oct 10, 2018","256.06","264.04","264.12","255.80","12.29M","-3.09%"
"Oct 09, 2018","264.23","264.38","265.32","263.14","4.56M","-0.23%"
"Oct 08, 2018","264.83","263.25","265.21","262.08","6.24M","0.19%"
"Oct 05, 2018","264.32","266.34","266.62","262.90","7.48M","-0.72%"
"Oct 04, 2018","266.25","267.69","267.71","264.58","8.72M","-0.63%"
"Oct 03, 2018","267.95","268.77","269.28","267.67","5.83M","0.14%"
"Oct 02, 2018","267.57","266.11","268.02","266.05","4.55M","0.31%"
"Oct 01, 2018","266.73","266.10","267.15","265.74","5.83M","0.88%"
"Sep 28, 2018","264.40","263.56","264.94","263.50","3.29M","0.06%"
"Sep 27, 2018","264.25","264.25","265.37","263.59","2.44M","0.18%"
"Sep 26, 2018","263.78","264.81","265.84","263.27","3.37M","-0.36%"
"Sep 25, 2018","264.73","266.03","266.12","264.53","1.82M","-0.26%"
"Sep 24, 2018","265.42","266.68","266.70","265.25","3.78M","-0.64%"
"Sep 21, 2018","267.12","267.55","267.61","266.59","3.94M","0.03%"
"Sep 20, 2018","267.04","266.00","267.31","265.99","5.25M","0.99%"
"Sep 19, 2018","264.42","263.10","264.99","263.10","4.00M","0.57%"
"Sep 18, 2018","262.91","261.25","263.53","261.18","3.00M","0.74%"
"Sep 17, 2018","260.98","261.72","262.19","260.64","2.47M","-0.35%"
"Sep 14, 2018","261.89","262.01","262.47","261.02","3.08M","0.04%"
"Sep 13, 2018","261.78","261.42","262.22","260.99","2.47M","0.59%"
"Sep 12, 2018","260.25","260.15","261.77","259.58","4.97M","0.08%"
"Sep 11, 2018","260.03","258.10","260.51","257.82","3.07M","0.42%"
"Sep 10, 2018","258.94","260.52","260.65","258.86","2.25M","-0.23%"
"Sep 07, 2018","259.54","259.33","260.34","258.46","3.80M","-0.29%"
"Sep 06, 2018","260.29","260.14","261.05","259.04","3.88M","0.14%"
"Sep 05, 2018","259.92","259.22","260.31","258.92","3.28M","0.07%"
"Sep 04, 2018","259.73","259.22","259.92","258.21","2.94M","-0.05%"
"Aug 31, 2018","259.85","259.59","260.49","258.98","3.08M","-0.06%"
"Aug 30, 2018","260.01","260.74","261.15","259.45","3.87M","-0.51%"
"Aug 29, 2018","261.33","260.80","261.77","260.44","2.43M","0.26%"
"Aug 28, 2018","260.64","261.30","261.32","260.35","2.71M","0.02%"
"Aug 27, 2018","260.58","259.25","260.64","259.25","4.11M","1.06%"
"Aug 24, 2018","257.85","257.24","258.18","256.99","3.63M","0.53%"
"Aug 23, 2018","256.49","256.80","257.56","255.98","2.81M","-0.27%"
"Aug 22, 2018","257.18","258.00","258.20","257.05","3.85M","-0.34%"
"Aug 21, 2018","258.07","257.93","258.70","257.76","3.29M","0.25%"
"Aug 20, 2018","257.43","257.11","257.72","256.97","2.93M","0.36%"
"Aug 17, 2018","256.51","255.23","257.12","255.03","3.90M","0.22%"
"Aug 16, 2018","255.94","254.37","256.41","254.28","7.92M","1.66%"
"Aug 15, 2018","251.76","251.84","252.20","249.86","5.80M","-0.57%"
"Aug 14, 2018","253.21","252.76","253.55","252.23","2.82M","0.46%"
"Aug 13, 2018","252.04","253.57","253.96","251.70","3.69M","-0.50%"
"Aug 10, 2018","253.30","253.68","253.90","252.40","4.80M","-0.73%"
"Aug 09, 2018","255.16","255.76","256.23","255.00","1.68M","-0.18%"
"Aug 08, 2018","255.62","255.97","256.12","255.38","1.88M","-0.20%"
"Aug 07, 2018","256.12","255.98","256.76","255.65","2.39M","0.50%"
"Aug 06, 2018","254.85","254.22","255.24","253.63","2.31M","0.18%"
"Aug 03, 2018","254.39","253.04","254.50","253.04","2.47M","0.51%"
"Aug 02, 2018","253.10","251.45","253.41","251.03","4.13M","-0.00%"
"Aug 01, 2018","253.11","253.90","254.64","252.56","3.16M","-0.42%"
"Jul 31, 2018","254.17","253.69","254.68","253.60","3.74M","0.51%"
"Jul 30, 2018","252.87","254.53","254.79","252.67","4.48M","-0.55%"
"Jul 27, 2018","254.26","255.11","255.60","253.48","5.85M","-0.34%"
"Jul 26, 2018","255.12","254.52","255.68","254.45","4.17M","0.43%"
"Jul 25, 2018","254.02","251.57","254.16","250.93","4.70M","0.72%"
"Jul 24, 2018","252.21","251.26","252.66","251.06","5.49M","0.78%"
"Jul 23, 2018","250.26","250.21","250.60","249.62","1.79M","-0.07%"
"Jul 20, 2018","250.44","249.82","251.04","249.68","2.69M","-0.14%"
"Jul 19, 2018","250.79","251.22","251.62","250.61","2.54M","-0.49%"
"Jul 18, 2018","252.03","251.39","252.16","251.02","2.12M","0.30%"
"Jul 17, 2018","251.28","250.55","251.57","249.90","2.96M","0.24%"
"Jul 16, 2018","250.67","250.39","250.75","249.83","1.88M","0.19%"
"Jul 13, 2018","250.20","249.24","250.46","248.93","3.02M","0.36%"
"Jul 12, 2018","249.30","249.07","249.44","248.17","3.18M","0.90%"
"Jul 11, 2018","247.08","247.34","248.16","246.64","4.41M","-0.86%"
"Jul 10, 2018","249.23","248.52","249.48","248.45","3.47M","0.56%"
"Jul 09, 2018","247.84","245.78","248.00","245.76","3.68M","1.32%"
"Jul 06, 2018","244.60","243.31","245.20","242.81","3.55M","0.43%"
"Jul 05, 2018","243.55","243.13","243.67","241.69","3.29M","0.78%"
"Jul 03, 2018","241.66","244.06","244.30","241.35","3.14M","-0.44%"
"Jul 02, 2018","242.73","240.92","243.04","240.62","5.70M","0.00%"
"Jun 29, 2018","242.73","243.48","244.96","242.59","3.97M","0.27%"
"Jun 28, 2018","242.08","240.47","242.96","239.83","5.52M","0.40%"
"Jun 27, 2018","241.12","243.27","245.58","241.01","6.15M","-0.64%"
"Jun 26, 2018","242.67","242.92","243.69","242.27","3.83M","0.15%"
"Jun 25, 2018","242.31","244.18","244.40","240.70","9.54M","-1.38%"
"Jun 22, 2018","245.69","245.92","246.51","245.44","3.65M","0.49%"
"Jun 21, 2018","244.50","245.83","245.94","243.93","4.68M","-0.80%"
"Jun 20, 2018","246.46","247.96","247.98","246.12","4.71M","-0.17%"
"Jun 19, 2018","246.88","246.60","247.23","245.53","5.51M","-1.14%"
"Jun 18, 2018","249.73","248.80","249.90","248.14","4.08M","-0.40%"
"Jun 15, 2018","250.74","250.27","251.19","248.77","6.34M","-0.50%"
"Jun 14, 2018","251.99","253.16","253.51","251.54","5.01M","-0.08%"
"Jun 13, 2018","252.18","253.42","253.75","252.03","3.82M","-0.44%"
"Jun 12, 2018","253.30","253.74","253.77","252.56","6.53M","-0.04%"
"Jun 11, 2018","253.39","253.62","254.16","253.02","4.20M","0.05%"
"Jun 08, 2018","253.27","251.96","253.41","251.77","4.45M","0.29%"
"Jun 07, 2018","252.53","252.22","253.37","251.74","4.29M","0.40%"
"Jun 06, 2018","251.52","249.24","251.53","248.55","4.10M","1.36%"
"Jun 05, 2018","248.15","248.16","248.48","247.16","2.82M","-0.02%"
"Jun 04, 2018","248.20","247.72","248.67","247.54","3.06M","0.75%"
"Jun 01, 2018","246.36","246.14","246.83","245.65","3.57M","0.89%"
"May 31, 2018","244.18","246.00","246.02","243.51","5.36M","-1.02%"
"May 30, 2018","246.70","245.17","247.16","244.58","4.19M","1.33%"
"May 29, 2018","243.45","245.38","246.21","242.31","6.44M","-1.58%"
"May 25, 2018","247.37","247.41","248.10","246.71","4.21M","-0.22%"
"May 24, 2018","247.91","248.13","248.43","245.85","3.45M","-0.29%"
"May 23, 2018","248.63","246.83","248.70","246.47","3.49M","0.18%"
"May 22, 2018","248.18","250.37","250.43","247.92","2.33M","-0.70%"
"May 21, 2018","249.94","249.22","250.67","249.21","4.06M","1.19%"
"May 18, 2018","247.00","246.97","247.53","246.42","2.41M","-0.30%"
"May 17, 2018","247.74","247.80","248.89","246.88","2.06M","-0.09%"
"May 16, 2018","247.97","247.18","248.28","246.97","2.03M","0.27%"
"May 15, 2018","247.31","248.07","248.18","246.49","4.76M","-0.79%"
"May 14, 2018","249.27","249.41","250.20","248.85","4.29M","0.29%"
"May 11, 2018","248.54","247.70","248.94","247.38","3.29M","0.44%"
"May 10, 2018","247.46","246.00","248.11","245.97","3.88M","0.84%"
"May 09, 2018","245.40","244.23","245.85","243.21","3.67M","0.81%"
"May 08, 2018","243.42","243.17","243.98","241.84","2.93M","0.00%"
"May 07, 2018","243.42","243.50","244.67","242.49","2.98M","0.37%"
"May 04, 2018","242.52","238.11","243.22","237.68","3.60M","1.43%"
"May 03, 2018","239.10","237.92","239.83","235.12","6.18M","-0.00%"
"May 02, 2018","239.11","240.61","241.70","238.72","2.73M","-0.69%"
"May 01, 2018","240.76","240.69","240.89","237.91","4.40M","-0.32%"
"Apr 30, 2018","241.54","244.10","244.84","241.51","3.48M","-0.58%"
"Apr 27, 2018","242.95","242.97","243.44","241.77","3.21M","-0.07%"
"Apr 26, 2018","243.12","241.43","243.88","241.12","3.85M","1.01%"
"Apr 25, 2018","240.70","240.29","241.33","238.09","5.27M","0.25%"
"Apr 24, 2018","240.09","245.39","245.56","238.12","7.09M","-1.74%"
"Apr 23, 2018","244.35","245.06","245.18","243.14","2.49M","-0.05%"
"Apr 20, 2018","244.48","246.37","246.66","243.59","3.40M","-0.85%"
"Apr 19, 2018","246.57","246.92","247.58","245.49","3.72M","-0.33%"
"Apr 18, 2018","247.38","247.88","248.22","247.08","3.65M","-0.17%"
"Apr 17, 2018","247.80","248.15","248.48","247.27","3.82M","0.89%"
"Apr 16, 2018","245.62","245.12","246.67","244.72","4.02M","0.84%"
"Apr 13, 2018","243.58","246.42","246.46","242.33","5.22M","-0.50%"
"Apr 12, 2018","244.81","243.66","245.82","243.44","4.74M","1.21%"
"Apr 11, 2018","241.88","242.13","243.58","241.39","4.73M","-0.87%"
"Apr 10, 2018","244.01","243.35","245.00","242.20","5.98M","1.79%"
"Apr 09, 2018","239.73","241.16","243.64","239.43","5.05M","0.25%"
"Apr 06, 2018","239.13","242.30","244.25","237.24","6.99M","-2.36%"
"Apr 05, 2018","244.91","243.80","246.09","243.38","4.79M","1.01%"
"Apr 04, 2018","242.46","235.05","242.90","234.94","6.44M","0.96%"
"Apr 03, 2018","240.15","237.38","240.25","236.40","9.87M","1.69%"
"Apr 02, 2018","236.15","240.33","241.03","233.20","9.22M","-2.17%"
"Mar 29, 2018","241.40","239.57","242.94","239.06","6.64M","1.31%"
"Mar 28, 2018","238.28","239.04","240.72","237.05","7.98M","-0.00%"
"Mar 27, 2018","238.29","243.05","244.26","236.85","6.51M","-1.46%"
"Mar 26, 2018","241.82","239.03","242.15","237.20","6.59M","2.85%"
"Mar 23, 2018","235.13","239.98","240.90","234.85","7.60M","-1.77%"
"Mar 22, 2018","239.36","244.09","245.03","239.17","7.45M","-2.94%"
"Mar 21, 2018","246.62","247.14","249.65","246.32","4.34M","-0.19%"
"Mar 20, 2018","247.10","246.49","247.85","246.32","3.26M","0.48%"
"Mar 19, 2018","245.91","248.30","248.38","244.32","5.74M","-1.28%"
"Mar 16, 2018","249.10","248.57","250.13","248.34","3.43M","0.04%"
"Mar 15, 2018","249.00","248.84","250.80","247.80","5.07M","0.45%"
"Mar 14, 2018","247.88","251.41","251.62","246.92","6.22M","-0.94%"
"Mar 13, 2018","250.22","253.10","253.97","249.65","6.10M","-0.69%"
"Mar 12, 2018","251.96","254.05","254.72","251.70","5.51M","-0.63%"
"Mar 09, 2018","253.56","250.94","253.56","250.34","3.90M","1.77%"
"Mar 08, 2018","249.14","249.13","249.71","247.22","5.85M","0.42%"
"Mar 07, 2018","248.11","245.86","248.58","245.40","5.36M","-0.29%"
"Mar 06, 2018","248.84","250.18","250.18","247.05","4.41M","0.00%"
"Mar 05, 2018","248.84","243.84","249.63","243.80","4.89M","1.42%"
"Mar 02, 2018","245.35","243.55","245.92","242.16","6.39M","-0.26%"
"Mar 01, 2018","245.98","250.21","251.87","244.37","8.14M","-1.69%"
"Feb 28, 2018","250.20","255.18","255.77","250.20","5.30M","-1.48%"
"Feb 27, 2018","253.96","257.10","257.86","253.92","7.22M","-1.15%"
"Feb 26, 2018","256.92","254.32","257.18","253.96","6.12M","1.59%"
"Feb 23, 2018","252.91","250.79","252.95","250.05","5.12M","1.37%"
"Feb 22, 2018","249.49","248.63","251.36","248.53","6.34M","0.71%"
"Feb 21, 2018","247.72","249.60","252.51","247.71","5.89M","-0.65%"
"Feb 20, 2018","249.35","250.44","251.59","248.59","8.69M","-1.04%"
"Feb 16, 2018","251.96","251.43","254.12","251.20","6.40M","-0.21%"
"Feb 15, 2018","252.50","251.62","252.50","248.49","6.11M","1.28%"
"Feb 14, 2018","249.30","245.17","249.49","245.04","5.76M","1.11%"
"Feb 13, 2018","246.57","244.72","247.25","244.33","6.23M","0.16%"
"Feb 12, 2018","246.17","244.03","247.85","243.06","10.46M","1.71%"
"Feb 09, 2018","242.03","241.41","244.03","233.76","19.86M","1.41%"
"Feb 08, 2018","238.67","248.96","249.08","238.50","15.83M","-4.06%"
"Feb 07, 2018","248.76","248.24","252.79","247.57","12.66M","-0.08%"
"Feb 06, 2018","248.96","238.32","249.33","237.54","20.49M","2.34%"
"Feb 05, 2018","243.27","252.22","255.02","239.06","19.89M","-4.57%"
"Feb 02, 2018","254.93","259.61","259.85","254.73","9.49M","-2.56%"
"Feb 01, 2018","261.62","259.95","262.90","259.77","5.18M","0.07%"
"Jan 31, 2018","261.44","263.00","263.16","260.29","5.37M","0.31%"
"Jan 30, 2018","260.62","261.48","262.44","260.09","9.41M","-1.34%"
"Jan 29, 2018","264.16","265.56","265.90","264.12","4.61M","-0.66%"
"Jan 26, 2018","265.91","264.32","265.93","264.05","3.86M","0.82%"
"Jan 25, 2018","263.75","263.58","264.39","262.42","5.92M","0.45%"
"Jan 24, 2018","262.57","263.00","263.76","260.87","7.11M","0.27%"
"Jan 23, 2018","261.87","261.83","262.29","261.27","3.48M","-0.04%"
"Jan 22, 2018","261.98","259.70","262.01","259.63","3.36M","0.55%"
"Jan 19, 2018","260.54","260.05","260.55","259.27","4.06M","0.15%"
"Jan 18, 2018","260.16","261.24","261.32","259.38","4.86M","-0.35%"
"Jan 17, 2018","261.08","259.26","261.19","258.54","6.14M","1.27%"
"Jan 16, 2018","257.81","260.27","260.75","256.91","8.10M","-0.04%"
"Jan 12, 2018","257.91","256.63","257.97","256.48","3.68M","0.90%"
"Jan 11, 2018","255.61","254.00","255.67","253.85","2.76M","0.78%"
"Jan 10, 2018","253.62","253.17","253.93","252.45","2.36M","-0.08%"
"Jan 09, 2018","253.82","253.20","254.29","252.72","5.03M","0.49%"
"Jan 08, 2018","252.59","252.75","252.97","252.22","3.85M","-0.05%"
"Jan 05, 2018","252.72","251.38","252.85","250.97","3.35M","0.85%"
"Jan 04, 2018","250.60","249.96","250.92","249.62","4.93M","0.66%"
"Jan 03, 2018","248.95","248.32","249.22","248.07","5.53M","0.37%"
"Jan 02, 2018","248.02","248.34","248.47","247.23","4.45M","0.26%"
"Dec 29, 2017","247.38","248.57","248.61","247.17","2.95M","-0.30%"
"Dec 28, 2017","248.13","247.94","248.19","247.77","2.74M","0.26%"
"Dec 27, 2017","247.48","247.15","247.69","247.10","2.93M","0.09%"
"Dec 26, 2017","247.25","246.94","247.59","246.88","2.16M","-0.06%"
"Dec 22, 2017","247.40","247.58","247.61","246.97","1.85M","-0.10%"
"Dec 21, 2017","247.66","247.73","248.29","247.42","2.45M","0.24%"
"Dec 20, 2017","247.07","248.33","248.40","246.76","2.40M","-0.13%"
"Dec 19, 2017","247.40","248.31","248.34","246.94","2.77M","-0.16%"
"Dec 18, 2017","247.79","248.01","248.54","247.53","3.29M","0.63%"
"Dec 15, 2017","246.25","246.21","246.70","245.82","5.86M","0.28%"
"Dec 14, 2017","245.57","246.89","247.07","245.47","4.71M","-0.30%"
"Dec 13, 2017","246.30","245.69","246.99","245.65","3.75M","0.35%"
"Dec 12, 2017","245.44","244.93","245.87","244.80","3.28M","0.52%"
"Dec 11, 2017","244.17","243.77","244.24","243.50","1.86M","0.23%"
"Dec 08, 2017","243.62","243.19","243.63","242.58","2.70M","0.52%"
"Dec 07, 2017","242.36","241.21","242.87","241.10","2.72M","0.31%"
"Dec 06, 2017","241.62","241.72","242.51","241.55","3.98M","-0.16%"
"Dec 05, 2017","242.01","243.78","243.79","241.77","4.93M","-0.45%"
"Dec 04, 2017","243.11","245.01","245.57","243.07","6.57M","0.27%"
"Dec 01, 2017","242.45","243.14","243.44","239.41","9.77M","-0.16%"
"Nov 30, 2017","242.84","240.68","243.49","240.41","6.59M","1.43%"
"Nov 29, 2017","239.42","239.15","239.65","238.77","3.38M","0.45%"
"Nov 28, 2017","238.34","236.32","238.44","236.23","4.84M","1.11%"
"Nov 27, 2017","235.73","235.50","236.33","235.39","2.33M","0.11%"
"Nov 24, 2017","235.47","235.56","235.87","235.41","1.44M","0.13%"
"Nov 22, 2017","235.17","236.06","236.06","234.95","2.86M","-0.24%"
"Nov 21, 2017","235.73","235.17","235.99","235.10","2.75M","0.67%"
"Nov 20, 2017","234.15","233.66","234.37","233.42","2.06M","0.33%"
"Nov 17, 2017","233.39","233.77","233.97","233.36","3.48M","-0.65%"
"Nov 16, 2017","234.91","234.22","235.28","234.19","2.93M","0.84%"
"Nov 15, 2017","232.96","233.16","233.67","232.65","2.82M","-0.56%"
"Nov 14, 2017","234.28","233.97","234.35","232.91","2.57M","-0.16%"
"Nov 13, 2017","234.66","233.66","234.78","233.63","2.45M","0.10%"
"Nov 10, 2017","234.43","234.45","234.67","234.10","2.51M","-0.12%"
"Nov 09, 2017","234.72","234.49","235.28","233.16","4.23M","-0.31%"
"Nov 08, 2017","235.46","235.37","235.61","234.97","1.53M","0.02%"
"Nov 07, 2017","235.42","235.70","235.88","234.69","2.39M","0.00%"
"Nov 06, 2017","235.41","235.23","235.59","235.09","2.55M","0.10%"
"Nov 03, 2017","235.18","235.36","235.39","234.64","2.57M","0.09%"
"Nov 02, 2017","234.96","234.21","235.17","233.32","2.46M","0.33%"
"Nov 01, 2017","234.19","234.60","235.02","233.73","2.68M","0.24%"
"Oct 31, 2017","233.63","233.64","233.91","233.20","1.77M","0.13%"
"Oct 30, 2017","233.33","233.52","234.14","233.15","2.67M","-0.36%"
"Oct 27, 2017","234.17","233.95","234.33","233.36","2.94M","0.14%"
"Oct 26, 2017","233.85","233.91","234.42","233.75","2.58M","0.30%"
"Oct 25, 2017","233.16","234.45","234.45","232.35","3.81M","-0.48%"
"Oct 24, 2017","234.29","234.11","234.70","233.96","3.30M","0.70%"
"Oct 23, 2017","232.65","233.58","233.58","232.61","2.33M","-0.21%"
"Oct 20, 2017","233.13","232.47","233.13","231.89","3.28M","0.64%"
"Oct 19, 2017","231.65","230.84","231.66","230.52","2.31M","0.08%"
"Oct 18, 2017","231.46","231.00","231.68","230.91","2.72M","0.70%"
"Oct 17, 2017","229.85","229.71","229.96","229.52","1.84M","0.17%"
"Oct 16, 2017","229.45","229.07","229.53","228.81","2.37M","0.31%"
"Oct 13, 2017","228.73","228.71","228.97","228.51","1.74M","0.18%"
"Oct 12, 2017","228.33","228.49","228.81","228.15","1.31M","-0.12%"
"Oct 11, 2017","228.61","228.32","228.64","228.17","1.42M","0.15%"
"Oct 10, 2017","228.26","228.21","228.43","227.64","1.42M","0.32%"
"Oct 09, 2017","227.53","227.89","227.96","227.34","1.01M","-0.01%"
"Oct 06, 2017","227.55","227.34","227.63","227.23","2.09M","-0.04%"
"Oct 05, 2017","227.64","226.61","227.66","226.45","2.26M","0.54%"
"Oct 04, 2017","226.41","226.39","226.68","226.18","1.75M","0.08%"
"Oct 03, 2017","226.24","225.74","226.28","225.61","2.51M","0.44%"
"Oct 02, 2017","225.24","224.19","225.39","224.02","2.61M","0.63%"
"Sep 29, 2017","223.82","223.39","223.87","223.13","2.42M","0.10%"
"Sep 28, 2017","223.60","222.97","223.77","222.70","1.46M","0.22%"
"Sep 27, 2017","223.12","223.40","223.52","222.35","2.38M","0.19%"
"Sep 26, 2017","222.69","223.06","223.50","222.62","1.31M","-0.06%"
"Sep 25, 2017","222.82","223.11","223.43","221.99","2.84M","-0.17%"
"Sep 22, 2017","223.20","223.22","223.46","222.82","2.45M","-0.12%"
"Sep 21, 2017","223.47","223.90","223.97","223.39","1.74M","-0.19%"
"Sep 20, 2017","223.90","223.57","223.95","222.95","1.82M","0.14%"
"Sep 19, 2017","223.58","223.37","223.67","223.23","2.04M","0.19%"
"Sep 18, 2017","223.16","222.92","223.39","222.67","1.83M","0.32%"
"Sep 15, 2017","222.45","222.13","222.57","221.91","2.38M","0.06%"
"Sep 14, 2017","222.32","221.65","222.43","221.62","1.89M","0.25%"
"Sep 13, 2017","221.76","221.35","221.79","221.20","1.72M","0.15%"
"Sep 12, 2017","221.42","221.33","221.57","221.07","2.07M","0.30%"
"Sep 11, 2017","220.76","219.58","220.88","219.58","3.02M","1.15%"
"Sep 08, 2017","218.24","217.61","218.66","217.52","2.14M","0.06%"
"Sep 07, 2017","218.11","218.47","218.72","217.68","1.98M","-0.06%"
"Sep 06, 2017","218.25","218.54","218.62","218.04","1.92M","0.27%"
"Sep 05, 2017","217.67","219.53","219.53","217.18","3.83M","-1.02%"
"Sep 01, 2017","219.92","220.13","220.41","219.83","2.15M","0.18%"
"Aug 31, 2017","219.52","219.53","219.89","219.12","2.17M","0.27%"
"Aug 30, 2017","218.93","218.75","219.16","218.39","1.80M","0.16%"
"Aug 29, 2017","218.59","216.68","218.76","216.62","2.01M","0.30%"
"Aug 28, 2017","217.94","218.50","218.58","217.53","1.43M","-0.05%"
"Aug 25, 2017","218.04","218.26","218.93","218.00","2.37M","0.17%"
"Aug 24, 2017","217.66","218.55","218.55","217.46","1.93M","-0.12%"
"Aug 23, 2017","217.92","218.01","218.46","217.84","3.66M","-0.35%"
"Aug 22, 2017","218.69","217.41","218.85","217.30","2.42M","0.90%"
"Aug 21, 2017","216.74","216.46","216.92","215.73","3.47M","0.10%"
"Aug 18, 2017","216.53","216.99","217.66","216.15","4.47M","-0.59%"
"Aug 17, 2017","217.81","220.00","220.07","217.77","3.54M","-1.21%"
"Aug 16, 2017","220.47","220.70","221.10","220.28","2.48M","0.14%"
"Aug 15, 2017","220.16","220.58","220.58","219.86","1.84M","0.09%"
"Aug 14, 2017","219.97","219.88","220.28","219.81","2.61M","0.58%"
"Aug 11, 2017","218.70","218.76","219.22","218.52","4.94M","0.05%"
"Aug 10, 2017","218.60","219.81","219.90","218.55","7.83M","-0.86%"
"Aug 09, 2017","220.50","220.33","220.61","219.96","3.56M","-0.09%"
"Aug 08, 2017","220.69","220.80","221.68","220.44","3.62M","-0.07%"
"Aug 07, 2017","220.85","220.75","220.98","220.60","1.90M","0.13%"
"Aug 04, 2017","220.57","220.64","220.67","220.03","1.88M","0.23%"
"Aug 03, 2017","220.06","219.93","220.23","219.72","2.50M","0.08%"
"Aug 02, 2017","219.89","219.83","220.13","219.44","3.06M","0.24%"
"Aug 01, 2017","219.37","219.74","219.80","219.15","2.31M","0.31%"
"Jul 31, 2017","218.70","218.65","219.03","218.49","1.76M","0.31%"
"Jul 28, 2017","218.02","217.53","218.16","217.30","2.31M","0.14%"
"Jul 27, 2017","217.72","217.28","217.75","216.63","3.20M","0.42%"
"Jul 26, 2017","216.81","216.81","217.16","216.56","2.04M","0.44%"
"Jul 25, 2017","215.86","216.50","216.52","215.49","1.92M","0.36%"
"Jul 24, 2017","215.09","215.51","215.51","214.68","1.46M","-0.20%"
"Jul 21, 2017","215.53","215.19","215.55","214.76","2.22M","-0.31%"
"Jul 20, 2017","216.19","216.57","216.58","215.71","1.37M","-0.06%"
"Jul 19, 2017","216.32","215.89","216.34","215.66","1.79M","0.29%"
"Jul 18, 2017","215.70","215.66","215.81","214.63","2.25M","-0.24%"
"Jul 17, 2017","216.22","216.32","216.49","216.04","2.29M","-0.02%"
"Jul 14, 2017","216.26","215.30","216.68","215.11","2.40M","0.37%"
"Jul 13, 2017","215.46","215.30","215.56","215.00","1.59M","0.11%"
"Jul 12, 2017","215.23","214.98","215.70","214.89","2.10M","0.58%"
"Jul 11, 2017","213.98","213.91","214.29","212.68","1.58M","-0.00%"
"Jul 10, 2017","213.99","213.68","214.35","213.54","1.16M","-0.03%"
"Jul 07, 2017","214.05","213.54","214.16","213.42","1.33M","0.43%"
"Jul 06, 2017","213.14","214.09","214.25","212.94","2.30M","-0.67%"
"Jul 05, 2017","214.58","214.74","214.83","213.83","1.80M","0.04%"
"Jul 03, 2017","214.49","213.95","215.38","213.88","2.14M","0.59%"
"Jun 30, 2017","213.24","213.15","213.99","212.97","2.22M","0.30%"
"Jun 29, 2017","212.61","214.52","214.55","211.70","4.37M","-0.76%"
"Jun 28, 2017","214.24","213.58","214.53","213.58","4.69M","0.62%"
"Jun 27, 2017","212.93","213.71","214.13","212.87","1.98M","-0.44%"
"Jun 26, 2017","213.87","214.29","214.76","213.53","1.94M","0.06%"
"Jun 23, 2017","213.74","213.44","213.95","213.06","1.35M","0.00%"
"Jun 22, 2017","213.73","214.08","214.29","213.66","2.70M","-0.07%"
"Jun 21, 2017","213.89","214.65","214.67","213.64","2.13M","-0.24%"
"Jun 20, 2017","214.40","214.89","215.07","214.37","1.76M","-0.24%"
"Jun 19, 2017","214.92","214.36","215.01","214.08","2.10M","0.64%"
"Jun 16, 2017","213.56","213.33","213.58","212.82","2.37M","-0.06%"
"Jun 15, 2017","213.69","212.89","213.80","212.75","2.57M","-0.07%"
"Jun 14, 2017","213.84","213.78","214.00","212.98","5.42M","0.22%"
"Jun 13, 2017","213.37","212.80","213.39","212.75","2.43M","0.46%"
"Jun 12, 2017","212.40","212.46","212.78","211.88","3.68M","-0.13%"
"Jun 09, 2017","212.67","212.15","213.07","211.59","4.27M","0.38%"
"Jun 08, 2017","211.86","211.62","212.70","211.39","2.03M","0.07%"
"Jun 07, 2017","211.72","211.69","211.92","211.14","1.55M","0.17%"
"Jun 06, 2017","211.37","211.33","211.78","211.17","2.10M","-0.23%"
"Jun 05, 2017","211.86","211.86","212.21","211.64","1.92M","-0.02%"
"Jun 02, 2017","211.91","211.45","212.21","211.27","2.31M","0.24%"
"Jun 01, 2017","211.40","210.27","211.40","209.91","1.83M","0.67%"
"May 31, 2017","210.00","210.41","210.41","209.32","1.58M","-0.10%"
"May 30, 2017","210.21","210.21","210.52","209.97","1.07M","-0.16%"
"May 26, 2017","210.54","210.54","210.72","210.32","1.15M","-0.02%"
"May 25, 2017","210.58","210.52","210.92","210.30","2.20M","0.36%"
"May 24, 2017","209.82","209.32","209.96","209.07","3.48M","0.33%"
"May 23, 2017","209.12","209.10","209.35","208.69","3.46M","0.23%"
"May 22, 2017","208.65","208.32","208.87","208.32","2.25M","0.42%"
"May 19, 2017","207.77","206.75","208.31","206.58","4.89M","0.39%"
"May 18, 2017","206.96","206.03","207.96","205.85","6.65M","0.24%"
"May 17, 2017","206.47","208.12","208.59","206.37","5.72M","-1.66%"
"May 16, 2017","209.95","210.32","210.46","209.46","1.75M","0.01%"
"May 15, 2017","209.93","209.40","210.13","209.40","1.82M","0.44%"
"May 12, 2017","209.01","208.97","209.28","208.82","1.58M","-0.13%"
"May 11, 2017","209.28","209.14","209.45","208.10","3.09M","-0.10%"
"May 10, 2017","209.48","209.19","209.81","208.90","1.39M","-0.07%"
"May 09, 2017","209.62","210.14","210.32","209.22","1.57M","-0.14%"
"May 08, 2017","209.92","209.70","210.02","209.53","2.31M","0.07%"
"May 05, 2017","209.77","209.07","209.78","208.76","1.67M","0.28%"
"May 04, 2017","209.19","209.65","209.65","208.20","2.64M","-0.01%"
"May 03, 2017","209.22","208.87","209.47","208.47","1.83M","0.04%"
"May 02, 2017","209.13","209.10","209.30","208.75","1.36M","0.10%"
"May 01, 2017","208.92","209.49","209.49","208.70","1.89M","-0.08%"
"Apr 28, 2017","209.08","209.63","209.63","208.97","1.93M","-0.23%"
"Apr 27, 2017","209.56","209.73","209.77","209.06","1.95M","0.04%"
"Apr 26, 2017","209.47","209.81","210.43","209.44","2.87M","-0.10%"
"Apr 25, 2017","209.68","208.95","209.98","208.84","3.48M","1.11%"
"Apr 24, 2017","207.38","207.33","207.63","207.03","3.22M","1.04%"
"Apr 21, 2017","205.25","205.51","205.73","204.77","3.03M","-0.22%"
"Apr 20, 2017","205.70","204.35","206.21","204.17","3.87M","0.91%"
"Apr 19, 2017","203.85","205.26","205.30","203.64","3.61M","-0.60%"
"Apr 18, 2017","205.08","205.36","205.81","204.42","2.50M","-0.53%"
"Apr 17, 2017","206.17","204.93","206.26","204.86","2.26M","0.88%"
"Apr 13, 2017","204.37","205.34","205.94","204.36","3.61M","-0.63%"
"Apr 12, 2017","205.67","206.30","206.30","205.35","2.18M","-0.32%"
"Apr 11, 2017","206.33","206.22","206.42","204.94","3.51M","-0.03%"
"Apr 10, 2017","206.39","206.49","207.32","205.95","2.40M","0.00%"
"Apr 07, 2017","206.38","206.19","207.07","205.89","2.61M","-0.03%"
"Apr 06, 2017","206.45","206.45","207.29","205.92","3.19M","0.09%"
"Apr 05, 2017","206.26","207.59","208.65","206.16","4.11M","-0.19%"
"Apr 04, 2017","206.65","206.02","206.77","205.81","2.56M","0.19%"
"Apr 03, 2017","206.25","206.52","206.63","204.88","4.44M","-0.04%"
"Mar 31, 2017","206.34","206.72","206.93","206.30","4.18M","-0.30%"
"Mar 30, 2017","206.96","206.30","207.26","206.15","2.85M","0.32%"
"Mar 29, 2017","206.31","206.53","206.56","205.94","2.32M","-0.21%"
"Mar 28, 2017","206.75","205.08","207.07","204.91","3.54M","0.74%"
"Mar 27, 2017","205.23","204.18","205.50","203.81","4.56M","-0.25%"
"Mar 24, 2017","205.75","206.58","206.90","205.00","4.05M","-0.27%"
"Mar 23, 2017","206.31","206.03","207.30","205.91","3.84M","-0.05%"
"Mar 22, 2017","206.41","205.96","206.57","205.50","3.90M","0.03%"
"Mar 21, 2017","206.35","209.33","209.43","206.25","6.19M","-1.18%"
"Mar 20, 2017","208.81","208.85","209.27","208.56","3.31M","-0.02%"
"Mar 17, 2017","208.86","209.53","209.53","208.83","2.87M","-0.28%"
"Mar 16, 2017","209.44","210.17","210.17","209.05","3.02M","-0.07%"
"Mar 15, 2017","209.58","208.83","209.91","208.71","5.74M","0.50%"
"Mar 14, 2017","208.54","208.57","208.88","207.98","4.43M","-0.19%"
"Mar 13, 2017","208.94","209.13","209.34","208.59","2.26M","-0.10%"
"Mar 10, 2017","209.15","209.69","209.70","208.36","3.00M","0.23%"
"Mar 09, 2017","208.67","208.74","209.09","207.87","4.43M","0.03%"
"Mar 08, 2017","208.61","209.58","209.61","208.43","3.17M","-0.27%"
"Mar 07, 2017","209.17","209.21","209.66","208.97","2.74M","-0.15%"
"Mar 06, 2017","209.48","209.26","209.77","209.02","2.52M","-0.20%"
"Mar 03, 2017","209.91","210.06","210.32","209.41","2.59M","0.01%"
"Mar 02, 2017","209.89","211.19","211.19","209.84","3.34M","-0.54%"
"Mar 01, 2017","211.02","209.92","211.59","209.88","7.85M","1.46%"
"Feb 28, 2017","207.98","208.11","208.31","207.68","2.82M","-0.15%"
"Feb 27, 2017","208.29","207.73","208.37","207.61","3.43M","0.17%"
"Feb 24, 2017","207.93","207.08","207.95","207.07","3.70M","0.05%"
"Feb 23, 2017","207.82","208.06","208.15","207.21","3.18M","0.18%"
"Feb 22, 2017","207.45","206.73","207.53","206.64","2.25M","0.18%"
"Feb 21, 2017","207.07","206.56","207.30","206.42","3.08M","0.58%"
"Feb 17, 2017","205.88","205.03","205.92","205.02","5.75M","-0.29%"
"Feb 16, 2017","206.48","206.55","206.72","205.85","4.59M","0.05%"
"Feb 15, 2017","206.38","205.39","206.49","205.29","3.65M","0.59%"
"Feb 14, 2017","205.17","204.06","205.18","203.94","3.59M","0.48%"
"Feb 13, 2017","204.20","203.32","204.47","203.32","2.64M","0.72%"
"Feb 10, 2017","202.74","202.30","203.00","202.07","2.88M","0.51%"
"Feb 09, 2017","201.72","200.82","202.11","200.77","3.49M","0.60%"
"Feb 08, 2017","200.51","200.50","200.69","200.15","2.29M","-0.03%"
"Feb 07, 2017","200.58","200.89","201.30","200.43","2.61M","0.15%"
"Feb 06, 2017","200.28","200.03","200.70","199.78","2.77M","-0.05%"
"Feb 03, 2017","200.38","199.58","200.57","199.44","4.86M","0.89%"
"Feb 02, 2017","198.61","198.16","198.97","198.02","2.64M","-0.01%"
"Feb 01, 2017","198.63","199.13","199.40","198.20","3.68M","0.14%"
"Jan 31, 2017","198.36","198.72","198.89","197.56","4.63M","-0.51%"
"Jan 30, 2017","199.38","199.83","199.90","198.42","4.72M","-0.62%"
"Jan 27, 2017","200.63","200.69","200.87","200.45","3.58M","-0.04%"
"Jan 26, 2017","200.72","200.60","200.97","200.42","4.00M","0.15%"
"Jan 25, 2017","200.42","200.01","200.55","199.75","4.88M","0.79%"
"Jan 24, 2017","198.84","197.79","199.22","197.62","5.21M","0.54%"
"Jan 23, 2017","197.78","197.86","198.11","197.04","3.25M","-0.09%"
"Jan 20, 2017","197.96","197.53","198.20","197.31","7.00M","0.34%"
"Jan 19, 2017","197.28","198.03","198.16","196.69","3.05M","-0.34%"
"Jan 18, 2017","197.95","198.08","198.23","197.30","4.63M","-0.07%"
"Jan 17, 2017","198.09","198.27","198.65","197.59","3.33M","-0.31%"
"Jan 13, 2017","198.70","198.91","199.35","198.32","3.47M","-0.03%"
"Jan 12, 2017","198.75","198.88","198.91","197.53","3.87M","-0.29%"
"Jan 11, 2017","199.33","198.63","199.57","198.15","5.21M","0.47%"
"Jan 10, 2017","198.40","198.72","199.41","198.21","3.03M","-0.18%"
"Jan 09, 2017","198.76","199.09","199.27","198.75","2.30M","-0.38%"
"Jan 06, 2017","199.51","198.73","199.83","198.17","4.32M","0.38%"
"Jan 05, 2017","198.75","198.95","199.26","197.90","4.12M","-0.20%"
"Jan 04, 2017","199.15","198.76","199.36","198.60","4.82M","0.37%"
"Jan 03, 2017","198.42","198.91","199.10","197.48","6.67M","0.46%"
"Dec 30, 2016","197.51","198.25","198.27","196.92","4.28M","-0.24%"
"Dec 29, 2016","197.99","197.99","198.52","197.63","3.02M","-0.05%"
"Dec 28, 2016","198.08","199.52","199.56","198.00","3.82M","-0.57%"
"Dec 27, 2016","199.21","199.16","199.54","199.13","2.34M","0.08%"
"Dec 23, 2016","199.05","198.96","199.06","198.73","1.37M","0.04%"
"Dec 22, 2016","198.97","199.10","199.17","198.58","2.25M","-0.10%"
"Dec 21, 2016","199.16","199.43","199.61","199.14","2.52M","-0.13%"
"Dec 20, 2016","199.42","199.16","199.61","199.06","3.06M","0.41%"
"Dec 19, 2016","198.60","198.30","198.90","198.21","2.73M","0.21%"
"Dec 16, 2016","198.19","198.70","198.97","197.94","4.47M","-0.24%"
"Dec 15, 2016","198.66","198.54","199.68","198.34","6.03M","0.26%"
"Dec 14, 2016","198.14","198.97","199.83","197.61","7.46M","-0.55%"
"Dec 13, 2016","199.23","198.96","199.72","198.64","5.36M","0.58%"
"Dec 12, 2016","198.08","197.84","198.39","197.68","3.79M","0.20%"
"Dec 09, 2016","197.69","196.44","197.72","196.37","4.39M","0.72%"
"Dec 08, 2016","196.28","195.83","196.80","195.41","7.03M","0.41%"
"Dec 07, 2016","195.48","192.47","195.69","192.42","7.24M","1.55%"
"Dec 06, 2016","192.49","192.16","192.57","191.87","2.67M","0.14%"
"Dec 05, 2016","192.22","192.48","192.78","191.89","2.93M","0.25%"
"Dec 02, 2016","191.74","191.91","191.98","191.43","2.77M","-0.08%"
"Dec 01, 2016","191.90","191.84","192.16","191.57","8.32M","0.26%"
"Nov 30, 2016","191.40","191.97","192.25","191.34","4.77M","0.11%"
"Nov 29, 2016","191.19","190.83","191.42","190.68","2.26M","0.21%"
"Nov 28, 2016","190.78","190.93","191.21","190.52","3.16M","-0.27%"
"Nov 25, 2016","191.30","191.09","191.34","190.98","1.55M","0.37%"
"Nov 23, 2016","190.59","189.93","190.64","189.87","2.47M","0.30%"
"Nov 22, 2016","190.02","189.92","190.25","189.42","2.76M","0.36%"
"Nov 21, 2016","189.34","188.88","189.41","188.60","3.00M","0.47%"
"Nov 18, 2016","188.46","188.90","188.96","188.32","4.36M","-0.44%"
"Nov 17, 2016","189.30","189.09","189.33","188.74","4.21M","0.17%"
"Nov 16, 2016","188.98","188.79","189.18","188.53","3.46M","-0.19%"
"Nov 15, 2016","189.34","188.76","189.35","188.14","3.75M","0.30%"
"Nov 14, 2016","188.77","189.11","189.39","188.20","4.80M","0.16%"
"Nov 11, 2016","188.47","187.95","188.63","187.41","5.00M","0.18%"
"Nov 10, 2016","188.13","186.83","188.82","186.35","8.75M","1.17%"
"Nov 09, 2016","185.96","181.93","186.55","181.75","8.36M","1.41%"
"Nov 08, 2016","183.38","182.20","184.04","182.02","3.44M","0.56%"
"Nov 07, 2016","182.36","181.17","182.45","181.05","3.40M","2.04%"
"Nov 04, 2016","178.71","179.11","179.67","178.64","4.34M","-0.22%"
"Nov 03, 2016","179.11","179.70","179.89","178.84","1.97M","-0.13%"
"Nov 02, 2016","179.35","179.66","180.21","179.05","3.55M","-0.43%"
"Nov 01, 2016","180.12","181.52","181.52","179.14","3.62M","-0.58%"
"Oct 31, 2016","181.17","181.58","181.70","181.05","1.42M","-0.10%"
"Oct 28, 2016","181.36","181.82","182.32","180.67","3.73M","-0.09%"
"Oct 27, 2016","181.53","182.30","182.35","181.23","2.03M","-0.13%"
"Oct 26, 2016","181.77","180.60","182.12","180.35","5.38M","0.16%"
"Oct 25, 2016","181.48","181.82","182.17","181.25","3.35M","-0.26%"
"Oct 24, 2016","181.96","182.36","182.50","181.65","1.91M","0.41%"
"Oct 21, 2016","181.22","180.60","181.45","180.23","5.61M","-0.18%"
"Oct 20, 2016","181.54","181.72","182.45","181.22","2.36M","-0.25%"
"Oct 19, 2016","182.00","181.85","182.41","181.57","1.50M","0.35%"
"Oct 18, 2016","181.37","181.94","182.10","181.12","1.72M","0.36%"
"Oct 17, 2016","180.72","181.17","181.51","180.45","1.80M","-0.31%"
"Oct 14, 2016","181.29","182.00","182.46","181.21","2.70M","0.25%"
"Oct 13, 2016","180.84","180.13","181.22","179.43","3.46M","-0.29%"
"Oct 12, 2016","181.37","181.00","181.80","180.66","1.92M","0.09%"
"Oct 11, 2016","181.20","182.86","182.89","180.45","3.95M","-1.05%"
"Oct 10, 2016","183.12","183.20","183.85","183.04","1.88M","0.49%"
"Oct 07, 2016","182.22","182.80","182.99","181.32","2.53M","-0.16%"
"Oct 06, 2016","182.52","182.34","182.74","181.47","2.37M","-0.08%"
"Oct 05, 2016","182.66","182.16","183.02","182.11","1.82M","0.65%"
"Oct 04, 2016","181.48","182.62","182.93","180.94","2.81M","-0.46%"
"Oct 03, 2016","182.32","182.31","182.57","181.78","1.99M","-0.25%"
"Sep 30, 2016","182.78","182.13","183.44","181.97","4.58M","0.86%"
"Sep 29, 2016","181.22","182.82","183.42","180.65","3.38M","-1.03%"
"Sep 28, 2016","183.10","182.36","183.23","181.52","6.41M","0.60%"
"Sep 27, 2016","182.00","180.58","182.14","180.24","3.72M","0.69%"
"Sep 26, 2016","180.75","181.51","181.55","180.58","2.64M","-0.92%"
"Sep 23, 2016","182.42","183.41","183.52","182.29","1.74M","-0.68%"
"Sep 22, 2016","183.66","183.66","184.26","183.32","2.32M","0.55%"
"Sep 21, 2016","182.66","181.66","182.84","180.96","4.50M","0.89%"
"Sep 20, 2016","181.05","181.81","182.04","181.03","2.00M","0.04%"
"Sep 19, 2016","180.98","181.88","182.32","180.67","2.26M","0.01%"
"Sep 16, 2016","180.97","181.50","181.50","180.44","2.84M","-0.71%"
"Sep 15, 2016","182.26","180.37","182.62","180.23","3.99M","1.01%"
"Sep 14, 2016","180.43","180.84","181.74","180.01","2.99M","-0.20%"
"Sep 13, 2016","180.80","182.06","182.32","180.38","7.48M","-1.36%"
"Sep 12, 2016","183.30","180.09","183.64","179.93","7.06M","1.32%"
"Sep 09, 2016","180.91","183.57","183.75","180.91","8.24M","-2.12%"
"Sep 08, 2016","184.82","184.68","185.11","184.48","2.23M","-0.27%"
"Sep 07, 2016","185.32","185.37","185.40","184.78","1.80M","0.00%"
"Sep 06, 2016","185.32","185.11","185.49","184.45","2.15M","0.25%"
"Sep 02, 2016","184.86","184.94","185.42","184.32","2.65M","0.41%"
"Sep 01, 2016","184.10","183.73","184.28","182.90","3.00M","0.09%"
"Aug 31, 2016","183.94","184.25","184.36","183.27","1.88M","-0.31%"
"Aug 30, 2016","184.51","184.93","185.15","184.02","1.87M","-0.17%"
"Aug 29, 2016","184.83","183.83","185.04","183.83","2.23M","0.55%"
"Aug 26, 2016","183.82","184.62","185.54","183.14","3.40M","-0.30%"
"Aug 25, 2016","184.37","184.28","184.79","184.10","2.03M","-0.16%"
"Aug 24, 2016","184.66","185.06","185.20","184.28","1.88M","-0.35%"
"Aug 23, 2016","185.30","185.70","186.13","185.25","1.65M","0.10%"
"Aug 22, 2016","185.12","184.95","185.51","184.46","3.15M","-0.11%"
"Aug 19, 2016","185.32","185.30","185.65","184.72","2.37M","-0.55%"
"Aug 18, 2016","186.34","185.97","186.41","185.72","2.57M","0.13%"
"Aug 17, 2016","186.10","185.77","186.22","185.09","2.95M","0.18%"
"Aug 16, 2016","185.76","186.17","186.37","185.72","1.61M","-0.41%"
"Aug 15, 2016","186.52","186.40","186.88","186.33","1.56M","0.33%"
"Aug 12, 2016","185.90","186.14","186.25","185.52","2.51M","-0.21%"
"Aug 11, 2016","186.30","185.70","186.58","185.60","2.19M","0.64%"
"Aug 10, 2016","185.12","185.40","185.78","184.84","1.62M","-0.12%"
"Aug 09, 2016","185.35","185.38","185.86","185.06","1.90M","0.04%"
"Aug 08, 2016","185.28","185.50","185.70","185.02","2.08M","0.01%"
"Aug 05, 2016","185.26","184.40","185.28","183.43","4.19M","0.99%"
"Aug 04, 2016","183.45","183.50","183.89","183.15","2.37M","0.05%"
"Aug 03, 2016","183.36","182.85","183.43","182.71","3.01M","0.21%"
"Aug 02, 2016","182.97","183.70","183.88","182.31","5.14M","-0.49%"
"Aug 01, 2016","183.87","184.35","184.52","183.38","3.30M","-0.14%"
"Jul 29, 2016","184.13","183.85","184.50","183.54","4.21M","-0.14%"
"Jul 28, 2016","184.38","184.28","184.66","183.52","2.91M","-0.11%"
"Jul 27, 2016","184.58","185.14","185.28","184.11","4.15M","-0.01%"
"Jul 26, 2016","184.60","184.61","185.02","183.70","4.74M","-0.11%"
"Jul 25, 2016","184.81","185.27","185.30","184.37","2.32M","-0.38%"
"Jul 22, 2016","185.51","185.00","185.57","184.76","3.08M","0.29%"
"Jul 21, 2016","184.98","185.54","185.73","184.54","2.84M","-0.43%"
"Jul 20, 2016","185.78","185.90","186.08","185.39","2.16M","0.19%"
"Jul 19, 2016","185.42","185.01","185.42","184.82","2.05M","0.18%"
"Jul 18, 2016","185.08","184.83","185.38","184.71","2.13M","0.11%"
"Jul 15, 2016","184.88","185.35","185.50","184.45","3.84M","-0.04%"
"Jul 14, 2016","184.96","185.06","185.27","184.57","3.35M","0.74%"
"Jul 13, 2016","183.60","183.68","183.80","183.05","2.39M","0.11%"
"Jul 12, 2016","183.39","183.01","183.62","182.78","3.13M","0.70%"
"Jul 11, 2016","182.12","181.86","182.72","181.78","2.36M","0.45%"
"Jul 08, 2016","181.30","180.01","181.56","179.98","5.18M","1.40%"
"Jul 07, 2016","178.79","179.15","179.72","178.04","2.34M","-0.11%"
"Jul 06, 2016","178.98","177.61","179.10","176.96","5.40M","0.43%"
"Jul 05, 2016","178.21","178.58","178.68","177.66","3.23M","-0.61%"
"Jul 01, 2016","179.31","178.78","179.80","178.78","4.00M","0.17%"
"Jun 30, 2016","179.00","177.05","179.08","176.86","5.07M","1.34%"
"Jun 29, 2016","176.64","175.16","176.82","175.00","5.58M","1.62%"
"Jun 28, 2016","173.82","172.85","173.86","172.20","5.64M","1.53%"
"Jun 27, 2016","171.20","172.48","172.48","170.37","7.69M","-1.47%"
"Jun 24, 2016","173.76","174.55","176.68","173.30","11.38M","-3.36%"
"Jun 23, 2016","179.81","179.02","179.83","178.67","2.95M","1.26%"
"Jun 22, 2016","177.57","178.23","178.95","177.43","2.97M","-0.28%"
"Jun 21, 2016","178.06","178.12","178.53","177.73","1.85M","0.15%"
"Jun 20, 2016","177.80","178.40","179.23","177.76","2.96M","0.73%"
"Jun 17, 2016","176.52","177.15","177.15","175.77","2.75M","-0.53%"
"Jun 16, 2016","177.46","175.73","177.66","174.80","5.57M","0.50%"
"Jun 15, 2016","176.57","177.25","177.84","176.38","2.47M","-0.14%"
"Jun 14, 2016","176.81","177.00","177.42","176.00","3.64M","-0.31%"
"Jun 13, 2016","177.36","178.00","179.00","177.36","5.11M","-0.76%"
"Jun 10, 2016","178.71","178.70","179.24","178.11","4.13M","-0.65%"
"Jun 09, 2016","179.88","179.37","180.04","179.14","2.14M","-0.10%"
"Jun 08, 2016","180.06","179.67","180.18","179.54","1.71M","0.38%"
"Jun 07, 2016","179.38","179.46","179.99","179.34","1.57M","0.11%"
"Jun 06, 2016","179.18","178.49","179.46","178.41","2.72M","0.63%"
"Jun 03, 2016","178.06","177.87","178.29","176.84","4.37M","-0.12%"
"Jun 02, 2016","178.28","177.30","178.31","176.98","1.97M","0.31%"
"Jun 01, 2016","177.73","176.98","177.97","176.55","2.48M","0.05%"
"May 31, 2016","177.65","178.98","178.98","177.13","2.40M","-0.48%"
"May 27, 2016","178.50","178.22","178.59","178.06","1.63M","0.24%"
"May 26, 2016","178.08","178.49","178.69","177.82","2.26M","-0.11%"
"May 25, 2016","178.28","177.50","178.74","177.45","2.73M","0.80%"
"May 24, 2016","176.86","175.76","177.23","175.65","2.80M","1.19%"
"May 23, 2016","174.78","174.84","175.33","174.60","1.74M","0.01%"
"May 20, 2016","174.76","174.72","175.54","174.51","2.75M","0.05%"
"May 19, 2016","174.68","174.95","175.20","173.67","5.09M","-0.54%"
"May 18, 2016","175.63","175.08","176.73","174.53","4.10M","0.04%"
"May 17, 2016","175.56","176.91","177.24","174.92","3.35M","-0.96%"
"May 16, 2016","177.26","175.69","177.70","175.58","2.39M","1.01%"
"May 13, 2016","175.48","176.90","177.52","175.26","3.34M","-1.09%"
"May 12, 2016","177.42","177.81","178.12","176.40","2.53M","0.07%"
"May 11, 2016","177.30","178.70","178.94","177.26","2.70M","-1.06%"
"May 10, 2016","179.20","177.72","179.27","177.64","2.87M","1.25%"
"May 09, 2016","176.98","177.25","177.76","176.62","1.92M","-0.20%"
"May 06, 2016","177.34","175.69","177.40","175.68","2.94M","0.51%"
"May 05, 2016","176.44","176.83","177.22","176.00","1.78M","0.07%"
"May 04, 2016","176.32","176.38","177.21","175.90","3.45M","-0.55%"
"May 03, 2016","177.30","177.48","177.83","176.48","4.64M","-0.78%"
"May 02, 2016","178.70","178.08","178.91","177.51","2.46M","0.63%"
"Apr 29, 2016","177.59","177.40","177.95","176.29","5.50M","-0.34%"
"Apr 28, 2016","178.20","179.06","180.15","177.74","3.55M","-1.14%"
"Apr 27, 2016","180.25","179.12","180.65","178.99","3.57M","0.34%"
"Apr 26, 2016","179.64","179.84","180.26","179.11","2.24M","0.06%"
"Apr 25, 2016","179.54","179.23","179.59","178.33","2.49M","-0.20%"
"Apr 22, 2016","179.90","179.61","180.08","178.87","2.41M","0.11%"
"Apr 21, 2016","179.70","180.64","180.88","179.42","2.76M","-0.58%"
"Apr 20, 2016","180.75","180.00","181.42","180.00","2.63M","0.24%"
"Apr 19, 2016","180.32","180.14","180.77","179.59","2.99M","0.30%"
"Apr 18, 2016","179.78","178.13","179.83","178.10","2.57M","0.62%"
"Apr 15, 2016","178.68","178.99","179.14","178.41","3.80M","-0.24%"
"Apr 14, 2016","179.11","179.03","179.50","178.75","3.69M","0.11%"
"Apr 13, 2016","178.92","178.00","179.02","177.92","5.40M","1.03%"
"Apr 12, 2016","177.09","175.73","177.28","175.36","3.59M","0.94%"
"Apr 11, 2016","175.44","176.12","177.17","175.41","3.24M","-0.13%"
"Apr 08, 2016","175.66","176.25","176.81","175.11","2.57M","0.21%"
"Apr 07, 2016","175.29","175.78","176.23","174.68","5.25M","-0.99%"
"Apr 06, 2016","177.04","175.86","177.09","175.24","4.09M","0.69%"
"Apr 05, 2016","175.82","176.08","176.96","175.57","5.44M","-0.73%"
"Apr 04, 2016","177.12","177.63","177.88","176.88","2.32M","-0.34%"
"Apr 01, 2016","177.72","175.71","177.85","175.41","4.04M","0.61%"
"Mar 31, 2016","176.64","176.93","177.30","176.43","3.16M","-0.14%"
"Mar 30, 2016","176.89","177.11","177.65","176.51","3.86M","0.47%"
"Mar 29, 2016","176.07","174.49","176.18","174.06","5.58M","0.54%"
"Mar 28, 2016","175.12","175.13","175.59","174.66","3.10M","0.10%"
"Mar 24, 2016","174.94","173.85","174.94","173.70","5.10M","0.07%"
"Mar 23, 2016","174.81","175.22","175.55","174.60","5.04M","-0.51%"
"Mar 22, 2016","175.70","175.30","176.26","175.15","3.98M","-0.18%"
"Mar 21, 2016","176.01","175.62","176.21","175.25","2.88M","0.18%"
"Mar 18, 2016","175.69","175.27","175.95","175.04","5.11M","0.43%"
"Mar 17, 2016","174.94","173.46","175.41","173.08","4.07M","0.85%"
"Mar 16, 2016","173.47","172.21","173.94","172.16","3.56M","0.48%"
"Mar 15, 2016","172.64","171.61","172.67","171.32","2.43M","0.13%"
"Mar 14, 2016","172.41","171.70","172.89","171.70","2.66M","0.10%"
"Mar 11, 2016","172.23","171.47","172.34","171.42","3.67M","1.28%"
"Mar 10, 2016","170.06","170.67","171.40","168.30","4.87M","0.02%"
"Mar 09, 2016","170.02","170.41","170.59","169.54","3.58M","0.24%"
"Mar 08, 2016","169.62","169.80","170.76","169.22","2.83M","-0.59%"
"Mar 07, 2016","170.62","169.37","170.93","169.30","3.24M","0.35%"
"Mar 04, 2016","170.02","169.53","170.55","168.92","3.52M","0.40%"
"Mar 03, 2016","169.35","168.73","169.39","168.12","2.97M","0.27%"
"Mar 02, 2016","168.89","168.02","168.93","167.55","3.11M","0.22%"
"Mar 01, 2016","168.52","166.01","168.59","165.71","3.91M","2.16%"
"Feb 29, 2016","164.96","166.16","167.21","164.96","3.49M","-0.79%"
"Feb 26, 2016","166.28","167.84","167.95","166.12","3.80M","-0.34%"
"Feb 25, 2016","166.84","165.03","166.84","164.40","5.27M","1.32%"
"Feb 24, 2016","164.67","162.60","164.90","161.47","8.00M","0.32%"
"Feb 23, 2016","164.15","165.61","165.76","163.84","6.05M","-1.08%"
"Feb 22, 2016","165.94","165.35","166.46","165.13","3.45M","1.37%"
"Feb 19, 2016","163.70","163.18","163.81","162.59","4.66M","-0.50%"
"Feb 18, 2016","164.52","165.33","165.45","164.29","5.19M","-0.25%"
"Feb 17, 2016","164.93","163.43","165.26","163.33","5.58M","1.68%"
"Feb 16, 2016","162.20","161.76","162.29","160.62","5.45M","1.39%"
"Feb 12, 2016","159.98","158.16","159.98","157.66","7.07M","2.03%"
"Feb 11, 2016","156.80","156.80","158.02","155.26","14.81M","-1.62%"
"Feb 10, 2016","159.39","160.98","162.30","159.23","8.21M","-0.53%"
"Feb 09, 2016","160.24","158.54","161.46","158.51","11.45M","-0.07%"
"Feb 08, 2016","160.35","160.11","160.81","158.05","13.38M","-0.98%"
"Feb 05, 2016","161.94","163.87","164.01","161.22","8.29M","-1.34%"
"Feb 04, 2016","164.14","162.82","164.80","162.58","11.72M","0.58%"
"Feb 03, 2016","163.20","162.42","163.75","159.48","14.25M","1.11%"
"Feb 02, 2016","161.41","162.70","162.70","160.94","7.90M","-1.78%"
"Feb 01, 2016","164.34","163.39","164.97","162.82","6.98M","-0.02%"
"Jan 29, 2016","164.37","161.61","164.43","161.33","6.18M","2.40%"
"Jan 28, 2016","160.51","160.68","160.90","158.47","8.61M","0.76%"
"Jan 27, 2016","159.30","160.57","162.23","158.61","10.12M","-1.39%"
"Jan 26, 2016","161.54","159.50","161.72","159.49","5.95M","1.79%"
"Jan 25, 2016","158.70","160.41","160.72","158.67","5.78M","-1.30%"
"Jan 22, 2016","160.79","160.91","161.24","159.62","7.39M","1.38%"
"Jan 21, 2016","158.60","157.81","160.29","156.88","16.78M","0.63%"
"Jan 20, 2016","157.61","157.25","158.88","154.38","16.44M","-1.51%"
"Jan 19, 2016","160.02","161.45","161.62","158.81","10.23M","0.21%"
"Jan 15, 2016","159.68","159.26","160.58","158.23","19.97M","-2.39%"
"Jan 14, 2016","163.59","162.02","164.69","160.61","14.75M","1.39%"
"Jan 13, 2016","161.35","165.54","165.84","161.07","16.37M","-2.18%"
"Jan 12, 2016","164.95","165.19","165.78","163.05","10.25M","0.68%"
"Jan 11, 2016","163.83","164.16","164.50","162.15","12.35M","0.36%"
"Jan 08, 2016","163.24","165.96","166.39","163.00","12.51M","-1.04%"
"Jan 07, 2016","164.96","165.96","167.94","164.48","15.40M","-2.36%"
"Jan 06, 2016","168.94","168.92","169.97","168.01","8.71M","-1.43%"
"Jan 05, 2016","171.39","171.69","171.74","170.17","9.41M","0.06%"
"Jan 04, 2016","171.29","171.05","171.32","169.35","14.35M","-1.55%"
"Dec 31, 2015","173.99","175.09","175.65","173.97","5.77M","-1.03%"
"Dec 30, 2015","175.80","176.57","176.72","175.62","2.91M","-0.67%"
"Dec 29, 2015","176.98","176.19","177.25","176.00","6.15M","1.14%"
"Dec 28, 2015","174.98","174.49","175.13","174.12","2.93M","-0.14%"
"Dec 24, 2015","175.22","175.66","175.82","175.18","1.77M","-0.34%"
"Dec 23, 2015","175.81","175.22","175.82","174.76","6.46M","1.03%"
"Dec 22, 2015","174.01","173.10","174.28","172.18","6.00M","1.02%"
"Dec 21, 2015","172.25","172.28","172.56","170.91","6.47M","0.73%"
"Dec 18, 2015","171.00","173.84","173.91","170.89","10.95M","-2.34%"
"Dec 17, 2015","175.10","178.15","178.19","175.09","8.50M","-1.43%"
"Dec 16, 2015","177.64","176.43","178.00","174.97","11.29M","1.24%"
"Dec 15, 2015","175.46","174.91","176.45","174.91","8.04M","0.90%"
"Dec 14, 2015","173.90","172.97","173.95","171.52","12.32M","0.68%"
"Dec 11, 2015","172.73","173.65","174.38","172.45","8.90M","-1.79%"
"Dec 10, 2015","175.88","175.18","177.13","174.85","5.61M","0.51%"
"Dec 09, 2015","174.99","175.44","177.76","174.08","9.55M","-0.44%"
"Dec 08, 2015","175.77","175.68","176.86","174.92","6.89M","-0.89%"
"Dec 07, 2015","177.34","178.02","178.08","176.42","5.65M","-0.61%"
"Dec 04, 2015","178.42","175.25","178.68","175.14","6.25M","2.05%"
"Dec 03, 2015","174.83","177.66","177.84","174.26","7.01M","-1.39%"
"Dec 02, 2015","177.29","178.64","179.04","177.08","7.43M","-0.85%"
"Dec 01, 2015","178.81","177.92","178.90","177.64","6.06M","0.89%"
"Nov 30, 2015","177.23","178.13","178.33","177.13","3.58M","-0.38%"
"Nov 27, 2015","177.90","177.80","178.18","177.36","2.88M","-0.02%"
"Nov 25, 2015","177.93","178.01","178.33","177.79","2.23M","-0.03%"
"Nov 24, 2015","177.98","176.67","178.41","176.61","4.37M","0.14%"
"Nov 23, 2015","177.74","177.88","178.48","177.30","2.60M","-0.18%"
"Nov 20, 2015","178.06","178.17","178.97","177.66","7.73M","0.23%"
"Nov 19, 2015","177.66","177.18","178.05","177.15","5.46M","-0.04%"
"Nov 18, 2015","177.73","175.68","177.84","175.67","6.25M","1.47%"
"Nov 17, 2015","175.16","175.60","176.25","174.76","6.61M","0.08%"
"Nov 16, 2015","175.02","172.50","175.06","172.15","5.01M","1.40%"
"Nov 13, 2015","172.61","174.07","174.55","172.55","8.01M","-1.18%"
"Nov 12, 2015","174.67","176.09","176.35","174.59","6.16M","-1.43%"
"Nov 11, 2015","177.21","178.17","178.24","177.11","2.86M","-0.32%"
"Nov 10, 2015","177.78","176.98","177.86","176.73","4.84M","0.20%"
"Nov 09, 2015","177.42","178.50","178.60","176.73","7.96M","-0.96%"
"Nov 06, 2015","179.14","178.49","179.17","177.71","7.64M","0.28%"
"Nov 05, 2015","178.64","178.75","179.25","177.73","5.01M","-0.01%"
"Nov 04, 2015","178.65","179.57","179.59","178.19","6.87M","-0.23%"
"Nov 03, 2015","179.07","177.92","179.60","177.80","4.28M","0.53%"
"Nov 02, 2015","178.12","176.87","178.29","176.73","4.18M","0.92%"
"Oct 30, 2015","176.49","177.64","177.83","176.45","6.53M","-0.50%"
"Oct 29, 2015","177.38","177.03","177.71","176.68","4.73M","-0.17%"
"Oct 28, 2015","177.68","176.01","177.68","175.36","7.35M","1.14%"
"Oct 27, 2015","175.67","175.33","176.19","175.24","4.70M","-0.20%"
"Oct 26, 2015","176.02","176.24","176.46","175.87","3.80M","-0.20%"
"Oct 23, 2015","176.37","176.00","176.64","175.37","7.64M","0.90%"
"Oct 22, 2015","174.80","172.56","174.91","172.47","8.55M","1.94%"
"Oct 21, 2015","171.48","172.44","172.95","171.33","5.80M","-0.31%"
"Oct 20, 2015","172.01","171.59","172.39","171.24","4.14M","-0.06%"
"Oct 19, 2015","172.12","171.28","172.13","171.04","4.86M","0.14%"
"Oct 16, 2015","171.88","171.44","171.96","170.82","8.35M","0.33%"
"Oct 15, 2015","171.32","169.40","171.32","169.19","9.64M","1.33%"
"Oct 14, 2015","169.07","170.50","170.95","168.72","5.42M","-0.92%"
"Oct 13, 2015","170.64","170.25","171.58","170.14","5.91M","-0.31%"
"Oct 12, 2015","171.17","170.73","171.23","170.47","2.84M","0.24%"
"Oct 09, 2015","170.76","170.62","170.97","170.10","5.01M","0.23%"
"Oct 08, 2015","170.37","168.67","170.66","168.43","8.16M","0.84%"
"Oct 07, 2015","168.95","168.60","169.48","167.47","8.83M","0.75%"
"Oct 06, 2015","167.69","167.74","168.43","167.25","6.66M","0.07%"
"Oct 05, 2015","167.58","165.74","167.78","165.49","6.34M","1.82%"
"Oct 02, 2015","164.58","160.35","164.58","159.93","11.88M","1.29%"
"Oct 01, 2015","162.49","163.01","163.29","160.51","6.86M","-0.08%"
"Sep 30, 2015","162.62","162.04","162.75","161.05","7.62M","1.49%"
"Sep 29, 2015","160.23","159.98","160.96","159.18","9.91M","0.28%"
"Sep 28, 2015","159.79","162.04","162.06","159.58","10.01M","-1.90%"
"Sep 25, 2015","162.88","163.84","164.43","162.06","10.47M","0.62%"
"Sep 24, 2015","161.87","161.12","162.24","159.93","8.45M","-0.44%"
"Sep 23, 2015","162.59","163.26","163.38","161.88","4.55M","-0.25%"
"Sep 22, 2015","163.00","162.62","163.36","161.98","8.98M","-1.15%"
"Sep 21, 2015","164.90","164.67","165.56","163.67","7.76M","0.83%"
"Sep 18, 2015","163.54","164.00","165.24","163.20","10.40M","-1.96%"
"Sep 17, 2015","166.81","167.42","169.44","166.48","14.27M","-0.42%"
"Sep 16, 2015","167.51","166.46","167.65","166.00","5.51M","0.84%"
"Sep 15, 2015","166.11","164.36","166.53","163.97","6.52M","1.43%"
"Sep 14, 2015","163.77","164.46","164.58","163.37","4.60M","-0.38%"
"Sep 11, 2015","164.39","162.90","164.44","162.51","6.20M","0.61%"
"Sep 10, 2015","163.39","162.54","164.50","162.15","8.33M","0.54%"
"Sep 09, 2015","162.52","166.53","166.71","162.23","7.87M","-1.45%"
"Sep 08, 2015","164.91","163.81","165.03","163.28","6.82M","2.45%"
"Sep 04, 2015","160.97","161.42","161.95","160.24","8.65M","-1.65%"
"Sep 03, 2015","163.67","164.33","165.49","163.13","8.02M","0.13%"
"Sep 02, 2015","163.46","162.93","163.48","161.29","8.26M","1.87%"
"Sep 01, 2015","160.46","161.40","162.62","159.74","14.27M","-2.86%"
"Aug 31, 2015","165.18","165.35","166.18","164.32","6.36M","-0.69%"
"Aug 28, 2015","166.33","165.72","166.62","165.24","8.12M","-0.07%"
"Aug 27, 2015","166.45","164.86","166.49","163.04","15.22M","2.33%"
"Aug 26, 2015","162.66","160.39","162.90","157.67","19.88M","3.94%"
"Aug 25, 2015","156.49","163.33","163.68","156.29","19.36M","-1.19%"
"Aug 24, 2015","158.38","155.90","163.45","150.56","35.10M","-3.67%"
"Aug 21, 2015","164.41","167.79","168.67","164.41","18.86M","-3.41%"
"Aug 20, 2015","170.22","172.25","172.55","170.22","12.32M","-2.03%"
"Aug 19, 2015","173.74","174.33","175.49","173.12","10.99M","-0.91%"
"Aug 18, 2015","175.33","175.28","175.93","175.08","4.05M","-0.21%"
"Aug 17, 2015","175.70","174.24","175.73","173.62","4.06M","0.46%"
"Aug 14, 2015","174.90","174.17","175.08","174.06","3.51M","0.34%"
"Aug 13, 2015","174.31","173.99","174.97","173.55","6.56M","0.06%"
"Aug 12, 2015","174.21","172.83","174.40","171.40","8.83M","0.06%"
"Aug 11, 2015","174.11","174.59","174.89","173.58","6.76M","-1.18%"
"Aug 10, 2015","176.19","174.80","176.32","174.80","4.50M","1.35%"
"Aug 07, 2015","173.84","173.89","174.12","172.80","6.16M","-0.22%"
"Aug 06, 2015","174.22","175.48","175.65","173.65","5.37M","-0.65%"
"Aug 05, 2015","175.36","175.84","176.52","175.03","4.57M","0.02%"
"Aug 04, 2015","175.32","175.79","176.13","174.83","4.06M","-0.24%"
"Aug 03, 2015","175.75","176.82","176.87","174.74","4.53M","-0.53%"
"Jul 31, 2015","176.68","177.67","177.73","176.49","4.48M","-0.30%"
"Jul 30, 2015","177.22","177.04","177.39","176.13","3.66M","-0.02%"
"Jul 29, 2015","177.26","176.33","177.56","176.17","4.18M","0.65%"
"Jul 28, 2015","176.11","174.86","176.28","174.30","5.63M","1.08%"
"Jul 27, 2015","174.23","174.47","174.78","173.78","5.37M","-0.73%"
"Jul 24, 2015","175.52","177.23","177.25","175.31","4.59M","-0.93%"
"Jul 23, 2015","177.16","178.33","178.33","176.83","4.97M","-0.64%"
"Jul 22, 2015","178.30","178.43","178.92","177.84","3.81M","-0.37%"
"Jul 21, 2015","178.97","179.69","179.71","178.43","5.03M","-0.95%"
"Jul 20, 2015","180.69","180.95","181.10","180.36","2.96M","0.08%"
"Jul 17, 2015","180.54","180.49","180.62","180.01","2.76M","-0.29%"
"Jul 16, 2015","181.07","181.20","181.25","180.50","2.50M","0.40%"
"Jul 15, 2015","180.34","180.32","180.72","179.90","3.41M","0.01%"
"Jul 14, 2015","180.33","179.45","180.54","179.31","2.76M","0.41%"
"Jul 13, 2015","179.60","178.83","179.70","178.80","3.87M","1.23%"
"Jul 10, 2015","177.41","177.22","177.80","176.62","4.50M","1.23%"
"Jul 09, 2015","175.26","177.15","177.47","175.21","4.58M","0.15%"
"Jul 08, 2015","175.00","176.11","176.44","174.78","6.85M","-1.48%"
"Jul 07, 2015","177.63","176.88","177.73","174.44","7.78M","0.54%"
"Jul 06, 2015","176.68","175.59","177.14","175.34","3.75M","-0.21%"
"Jul 02, 2015","177.05","177.79","178.05","176.65","4.01M","-0.20%"
"Jul 01, 2015","177.40","177.57","177.82","176.58","4.14M","0.90%"
"Jun 30, 2015","175.82","177.00","177.01","175.45","9.15M","0.10%"
"Jun 29, 2015","175.64","177.60","178.21","175.59","8.89M","-1.95%"
"Jun 26, 2015","179.13","179.21","179.83","178.68","4.86M","0.27%"
"Jun 25, 2015","178.65","180.05","180.12","178.59","3.60M","-0.42%"
"Jun 24, 2015","179.41","180.56","180.97","179.39","4.33M","-0.94%"
"Jun 23, 2015","181.12","181.12","181.57","180.75","3.12M","0.11%"
"Jun 22, 2015","180.92","181.03","181.50","180.67","4.05M","0.65%"
"Jun 19, 2015","179.76","180.64","180.74","179.73","3.96M","-0.87%"
"Jun 18, 2015","181.33","180.21","181.94","180.14","6.54M","1.03%"
"Jun 17, 2015","179.48","179.66","180.14","178.49","3.65M","0.15%"
"Jun 16, 2015","179.21","178.07","179.36","177.88","3.28M","0.62%"
"Jun 15, 2015","178.10","177.89","178.37","177.11","5.50M","-0.58%"
"Jun 12, 2015","179.13","179.86","180.06","178.72","4.57M","-0.84%"
"Jun 11, 2015","180.64","180.69","181.26","180.39","3.71M","0.32%"
"Jun 10, 2015","180.06","178.38","180.54","178.38","5.48M","1.32%"
"Jun 09, 2015","177.71","177.82","178.26","177.20","4.72M","-0.06%"
"Jun 08, 2015","177.81","178.51","178.60","177.68","4.38M","-0.39%"
"Jun 05, 2015","178.50","179.08","179.46","178.25","5.23M","-0.40%"
"Jun 04, 2015","179.21","180.18","180.92","178.78","7.31M","-0.92%"
"Jun 03, 2015","180.88","180.85","181.74","180.12","5.48M","0.41%"
"Jun 02, 2015","180.15","180.08","180.96","179.27","5.11M","-0.14%"
"Jun 01, 2015","180.40","181.00","181.15","179.81","4.35M","0.16%"
"May 29, 2015","180.11","181.17","181.19","179.67","4.92M","-0.65%"
"May 28, 2015","181.29","181.11","181.33","180.65","3.66M","-0.13%"
"May 27, 2015","181.52","180.77","181.79","180.45","3.59M","0.64%"
"May 26, 2015","180.37","181.93","181.93","179.79","5.53M","-1.04%"
"May 22, 2015","182.26","182.51","182.74","182.04","2.36M","-0.29%"
"May 21, 2015","182.79","182.62","183.04","182.36","2.72M","0.04%"
"May 20, 2015","182.71","183.23","183.35","182.56","5.08M","-0.12%"
"May 19, 2015","182.93","182.92","183.28","182.37","2.77M","0.14%"
"May 18, 2015","182.68","182.43","183.01","182.19","2.89M","0.11%"
"May 15, 2015","182.48","182.24","182.51","181.89","4.52M","-0.03%"
"May 14, 2015","182.54","181.81","182.64","181.73","4.92M","0.99%"
"May 13, 2015","180.75","180.85","181.44","180.48","3.85M","0.02%"
"May 12, 2015","180.72","180.10","181.23","179.27","4.74M","-0.20%"
"May 11, 2015","181.08","181.77","182.00","180.88","3.75M","-0.42%"
"May 08, 2015","181.85","181.14","182.02","181.08","5.53M","1.43%"
"May 07, 2015","179.28","178.12","179.70","177.89","4.14M","0.50%"
"May 06, 2015","178.39","179.87","180.25","177.25","7.53M","-0.35%"
"May 05, 2015","179.01","180.23","180.59","178.78","5.32M","-0.79%"
"May 04, 2015","180.44","180.34","181.05","180.25","3.26M","0.30%"
"May 01, 2015","179.90","179.21","180.01","178.98","3.90M","0.97%"
"Apr 30, 2015","178.18","179.70","180.02","177.45","8.56M","-1.05%"
"Apr 29, 2015","180.07","179.80","180.71","179.24","6.56M","-0.43%"
"Apr 28, 2015","180.84","180.36","180.94","178.88","4.53M","0.37%"
"Apr 27, 2015","180.17","181.46","181.54","179.96","4.97M","-0.20%"
"Apr 24, 2015","180.54","180.50","180.82","179.79","4.01M","0.09%"
"Apr 23, 2015","180.37","179.44","181.07","179.20","4.89M","0.17%"
"Apr 22, 2015","180.06","179.65","180.25","178.55","5.58M","0.45%"
"Apr 21, 2015","179.26","180.70","180.88","178.97","3.60M","-0.43%"
"Apr 20, 2015","180.03","179.31","180.61","179.15","5.36M","1.17%"
"Apr 17, 2015","177.94","179.27","179.41","177.16","8.68M","-1.64%"
"Apr 16, 2015","180.91","180.67","181.51","180.43","3.87M","0.02%"
"Apr 15, 2015","180.88","180.83","181.38","180.45","4.38M","0.39%"
"Apr 14, 2015","180.18","179.58","180.54","178.80","4.81M","0.30%"
"Apr 13, 2015","179.64","180.17","180.86","179.49","3.36M","-0.40%"
"Apr 10, 2015","180.37","179.67","180.44","179.18","3.46M","0.54%"
"Apr 09, 2015","179.40","178.66","179.63","177.98","4.48M","0.36%"
"Apr 08, 2015","178.75","178.60","179.56","177.96","4.74M","0.18%"
"Apr 07, 2015","178.42","178.77","179.58","178.42","6.01M","-0.10%"
"Apr 06, 2015","178.59","176.32","179.17","176.09","6.28M","0.71%"
"Apr 02, 2015","177.33","176.70","177.91","176.43","3.22M","0.33%"
"Apr 01, 2015","176.74","177.54","177.54","175.57","7.44M","-0.47%"
"Mar 31, 2015","177.58","178.52","179.08","177.43","4.63M","-1.01%"
"Mar 30, 2015","179.39","178.31","179.76","178.28","5.40M","1.46%"
"Mar 27, 2015","176.81","176.33","176.97","175.97","3.97M","0.19%"
"Mar 26, 2015","176.48","176.15","177.30","175.46","6.60M","-0.25%"
"Mar 25, 2015","176.92","179.95","180.16","176.88","8.47M","-1.62%"
"Mar 24, 2015","179.83","180.65","181.19","179.77","4.69M","-0.56%"
"Mar 23, 2015","180.85","181.05","181.75","180.84","3.59M","-0.06%"
"Mar 20, 2015","180.96","180.46","181.67","180.17","6.00M","0.72%"
"Mar 19, 2015","179.66","180.18","180.39","179.31","6.23M","-0.59%"
"Mar 18, 2015","180.73","177.91","181.01","176.97","11.29M","1.25%"
"Mar 17, 2015","178.50","178.79","178.97","177.86","5.39M","-0.71%"
"Mar 16, 2015","179.78","178.25","179.91","178.25","5.55M","1.25%"
"Mar 13, 2015","177.56","178.39","178.50","176.27","6.83M","-0.79%"
"Mar 12, 2015","178.97","177.24","179.02","177.20","4.02M","1.49%"
"Mar 11, 2015","176.35","176.97","177.29","176.23","5.58M","-0.19%"
"Mar 10, 2015","176.69","178.38","178.51","176.68","6.07M","-1.73%"
"Mar 09, 2015","179.80","178.53","180.19","178.53","3.84M","0.78%"
"Mar 06, 2015","178.40","180.12","180.63","178.12","7.30M","-1.53%"
"Mar 05, 2015","181.17","181.25","181.45","180.71","2.41M","0.22%"
"Mar 04, 2015","180.78","181.41","181.41","180.13","3.82M","-0.60%"
"Mar 03, 2015","181.87","182.23","182.39","181.19","2.83M","-0.44%"
"Mar 02, 2015","182.68","181.37","182.68","181.37","3.21M","0.82%"
"Feb 27, 2015","181.19","181.93","181.94","181.15","3.16M","-0.45%"
"Feb 26, 2015","182.01","181.92","182.24","181.40","3.05M","0.03%"
"Feb 25, 2015","181.96","181.81","182.17","181.56","2.82M","0.03%"
"Feb 24, 2015","181.91","181.03","182.06","180.89","4.23M","0.55%"
"Feb 23, 2015","180.92","180.71","180.92","180.32","2.74M","-0.12%"
"Feb 20, 2015","181.14","179.15","181.20","178.50","8.91M","0.58%"
"Feb 19, 2015","180.09","179.87","180.43","179.43","2.66M","-0.21%"
"Feb 18, 2015","180.47","180.18","180.68","179.97","2.72M","-0.06%"
"Feb 17, 2015","180.57","180.06","180.70","179.71","2.85M","0.13%"
"Feb 13, 2015","180.34","180.00","180.54","179.76","4.00M","0.28%"
"Feb 12, 2015","179.84","179.27","179.93","179.00","3.74M","0.64%"
"Feb 11, 2015","178.70","178.09","179.09","177.67","5.17M","0.11%"
"Feb 10, 2015","178.51","178.17","178.75","177.14","3.57M","0.80%"
"Feb 09, 2015","177.09","177.18","177.94","176.68","3.72M","-0.56%"
"Feb 06, 2015","178.09","178.82","179.36","177.48","7.21M","-0.26%"
"Feb 05, 2015","178.55","177.28","178.64","177.09","6.04M","1.14%"
"Feb 04, 2015","176.53","175.80","177.57","175.78","5.94M","0.11%"
"Feb 03, 2015","176.33","174.13","176.40","174.10","7.54M","1.77%"
"Feb 02, 2015","173.27","171.95","173.43","170.10","9.44M","1.06%"
"Jan 30, 2015","171.45","173.20","173.95","171.27","11.14M","-1.41%"
"Jan 29, 2015","173.90","172.16","174.07","171.06","9.62M","1.27%"
"Jan 28, 2015","171.72","174.55","174.61","171.59","9.67M","-1.08%"
"Jan 27, 2015","173.59","173.50","174.75","172.59","11.57M","-1.65%"
"Jan 26, 2015","176.50","176.16","176.71","175.38","3.73M","0.05%"
"Jan 23, 2015","176.41","177.71","177.82","176.39","4.80M","-0.85%"
"Jan 22, 2015","177.92","175.92","178.14","174.51","9.57M","1.47%"
"Jan 21, 2015","175.35","174.25","175.75","173.66","6.26M","0.26%"
"Jan 20, 2015","174.90","175.23","175.61","173.14","7.22M","0.13%"
"Jan 16, 2015","174.67","172.57","174.97","172.12","8.72M","0.93%"
"Jan 15, 2015","173.06","174.74","175.08","172.81","9.29M","-0.57%"
"Jan 14, 2015","174.06","173.44","174.72","172.42","11.09M","-1.09%"
"Jan 13, 2015","175.98","177.72","179.03","174.70","9.91M","-0.15%"
"Jan 12, 2015","176.24","177.44","177.63","175.46","4.31M","-0.55%"
"Jan 09, 2015","177.22","178.98","179.06","176.63","6.65M","-0.86%"
"Jan 08, 2015","178.76","177.26","178.96","177.21","7.17M","1.81%"
"Jan 07, 2015","175.59","174.85","175.79","174.24","5.55M","1.27%"
"Jan 06, 2015","173.39","175.10","175.54","172.32","10.13M","-0.83%"
"Jan 05, 2015","174.84","177.06","177.21","174.46","6.70M","-1.74%"
"Jan 02, 2015","177.94","178.65","179.23","176.98","5.00M","0.03%"
"Dec 31, 2014","177.88","179.82","180.12","177.88","4.51M","-0.88%"
"Dec 30, 2014","179.46","179.63","179.87","179.24","2.95M","-0.36%"
"Dec 29, 2014","180.11","179.88","180.38","179.81","2.53M","-0.04%"
"Dec 26, 2014","180.19","180.49","180.71","180.19","1.92M","0.09%"
"Dec 24, 2014","180.03","180.19","180.53","179.94","1.65M","0.00%"
"Dec 23, 2014","180.03","179.87","180.40","179.68","6.22M","0.37%"
"Dec 22, 2014","179.36","178.22","179.36","178.19","7.86M","0.96%"
"Dec 19, 2014","177.65","177.79","178.42","177.15","11.45M","-0.08%"
"Dec 18, 2014","177.79","175.98","177.83","175.37","9.75M","2.42%"
"Dec 17, 2014","173.59","171.27","173.98","171.08","12.90M","1.60%"
"Dec 16, 2014","170.85","171.27","174.39","170.74","12.26M","-0.55%"
"Dec 15, 2014","171.79","173.75","174.13","171.21","8.87M","-0.70%"
"Dec 12, 2014","173.00","174.77","175.67","172.93","12.28M","-1.72%"
"Dec 11, 2014","176.03","175.89","177.66","175.70","6.87M","0.42%"
"Dec 10, 2014","175.29","177.50","177.50","175.01","7.62M","-1.50%"
"Dec 09, 2014","177.96","176.78","178.03","176.22","7.95M","-0.32%"
"Dec 08, 2014","178.54","178.96","179.54","177.97","5.57M","-0.54%"
"Dec 05, 2014","179.51","179.28","179.82","178.99","4.27M","0.38%"
"Dec 04, 2014","178.83","178.73","179.30","178.03","4.79M","-0.07%"
"Dec 03, 2014","178.96","178.59","179.14","178.41","11.01M","0.22%"
"Dec 02, 2014","178.56","177.68","178.77","177.67","3.92M","0.54%"
"Dec 01, 2014","177.60","177.54","178.02","177.03","6.67M","-0.28%"
"Nov 28, 2014","178.10","178.12","178.69","177.86","4.04M","0.05%"
"Nov 26, 2014","178.01","177.96","178.09","177.65","3.01M","0.03%"
"Nov 25, 2014","177.96","178.16","178.19","177.56","5.51M","0.09%"
"Nov 24, 2014","177.80","178.13","178.22","177.59","2.41M","0.06%"
"Nov 21, 2014","177.70","178.52","178.60","177.28","4.78M","0.25%"
"Nov 20, 2014","177.25","176.11","177.28","176.03","2.88M","0.18%"
"Nov 19, 2014","176.93","176.85","177.19","176.29","4.01M","-0.02%"
"Nov 18, 2014","176.96","176.53","177.38","176.45","4.72M","0.27%"
"Nov 17, 2014","176.49","176.06","176.76","176.00","3.67M","0.08%"
"Nov 14, 2014","176.35","176.36","176.65","176.12","3.52M","-0.05%"
"Nov 13, 2014","176.44","176.25","176.98","175.79","6.51M","0.23%"
"Nov 12, 2014","176.04","175.26","176.20","175.25","2.84M","0.01%"
"Nov 11, 2014","176.02","175.98","176.24","175.69","3.19M","0.04%"
"Nov 10, 2014","175.95","175.62","176.06","175.33","2.94M","0.21%"
"Nov 07, 2014","175.58","175.24","175.60","174.77","4.02M","0.17%"
"Nov 06, 2014","175.29","174.75","175.41","174.18","7.19M","0.42%"
"Nov 05, 2014","174.55","174.59","174.62","173.71","5.29M","0.63%"
"Nov 04, 2014","173.46","173.08","173.65","172.46","6.47M","0.06%"
"Nov 03, 2014","173.36","173.57","173.78","173.05","5.39M","-0.05%"
"Oct 31, 2014","173.45","173.34","173.63","172.79","7.56M","1.08%"
"Oct 30, 2014","171.60","169.63","171.94","169.60","7.45M","1.30%"
"Oct 29, 2014","169.40","170.01","170.34","168.61","7.59M","-0.15%"
"Oct 28, 2014","169.66","168.48","169.69","168.14","5.44M","1.06%"
"Oct 27, 2014","167.88","167.23","168.06","166.97","5.06M","0.08%"
"Oct 24, 2014","167.74","166.60","167.79","166.17","5.73M","0.78%"
"Oct 23, 2014","166.45","166.05","167.36","166.01","7.03M","1.26%"
"Oct 22, 2014","164.38","166.17","166.23","164.28","6.03M","-0.86%"
"Oct 21, 2014","165.80","164.45","165.87","164.12","9.00M","1.31%"
"Oct 20, 2014","163.65","162.35","163.68","162.25","7.17M","0.12%"
"Oct 17, 2014","163.45","162.68","163.95","162.21","11.73M","1.53%"
"Oct 16, 2014","160.98","159.00","161.95","158.73","18.93M","-0.19%"
"Oct 15, 2014","161.28","161.19","161.85","158.27","24.98M","-1.07%"
"Oct 14, 2014","163.03","163.67","164.41","162.50","13.63M","0.06%"
"Oct 13, 2014","162.93","165.09","165.79","162.84","14.12M","-1.38%"
"Oct 10, 2014","165.21","166.39","167.36","165.21","12.72M","-0.68%"
"Oct 09, 2014","166.34","169.16","169.48","166.20","13.39M","-1.93%"
"Oct 08, 2014","169.62","166.87","169.82","166.35","8.90M","1.65%"
"Oct 07, 2014","166.86","168.73","168.94","166.86","7.13M","-1.60%"
"Oct 06, 2014","169.57","170.44","170.69","168.96","5.32M","-0.09%"
"Oct 03, 2014","169.72","168.89","169.97","168.37","5.59M","1.23%"
"Oct 02, 2014","167.65","167.39","168.27","166.43","9.09M","-0.02%"
"Oct 01, 2014","167.68","169.91","169.98","167.42","11.03M","-1.41%"
"Sep 30, 2014","170.07","170.45","171.10","169.80","5.50M","-0.15%"
"Sep 29, 2014","170.33","169.18","170.58","168.94","5.17M","-0.22%"
"Sep 26, 2014","170.70","169.79","171.13","169.50","6.06M","0.90%"
"Sep 25, 2014","169.17","171.50","171.53","169.09","8.91M","-1.53%"
"Sep 24, 2014","171.79","170.36","171.90","169.98","5.82M","0.93%"
"Sep 23, 2014","170.21","170.85","171.38","170.21","5.52M","-0.70%"
"Sep 22, 2014","171.41","172.35","172.38","171.22","4.90M","-0.60%"
"Sep 19, 2014","172.45","173.00","173.32","172.19","9.34M","-0.09%"
"Sep 18, 2014","172.61","172.01","172.80","171.90","6.46M","0.60%"
"Sep 17, 2014","171.58","171.57","172.25","170.93","8.50M","0.12%"
"Sep 16, 2014","171.38","169.96","171.71","169.89","5.95M","0.62%"
"Sep 15, 2014","170.32","170.06","170.57","169.55","5.13M","0.25%"
"Sep 12, 2014","169.90","170.38","170.44","169.40","5.00M","-0.36%"
"Sep 11, 2014","170.51","169.89","170.62","169.82","3.03M","-0.09%"
"Sep 10, 2014","170.67","170.17","170.81","169.71","4.60M","0.32%"
"Sep 09, 2014","170.12","170.79","170.84","169.89","4.26M","-0.55%"
"Sep 08, 2014","171.06","171.04","171.35","170.75","3.14M","-0.11%"
"Sep 05, 2014","171.25","170.52","171.29","170.01","3.40M","0.35%"
"Sep 04, 2014","170.66","170.91","171.56","170.22","3.76M","-0.04%"
"Sep 03, 2014","170.72","171.38","171.48","170.53","2.85M","0.08%"
"Sep 02, 2014","170.58","170.94","171.07","170.04","3.46M","-0.18%"
"Aug 29, 2014","170.88","170.90","171.00","170.25","3.28M","0.06%"
"Aug 28, 2014","170.77","170.40","170.88","170.10","2.78M","-0.14%"
"Aug 27, 2014","171.01","171.15","171.21","170.75","5.16M","0.05%"
"Aug 26, 2014","170.93","170.82","171.35","170.78","3.58M","0.18%"
"Aug 25, 2014","170.62","170.56","171.06","170.44","2.59M","0.44%"
"Aug 22, 2014","169.87","170.01","170.48","169.65","5.15M","-0.18%"
"Aug 21, 2014","170.18","169.81","170.53","169.69","2.65M","0.34%"
"Aug 20, 2014","169.60","168.72","169.74","168.72","3.11M","0.42%"
"Aug 19, 2014","168.89","168.64","169.02","168.33","3.06M","0.49%"
"Aug 18, 2014","168.06","167.25","168.12","167.23","2.98M","1.03%"
"Aug 15, 2014","166.35","167.42","167.46","165.44","7.03M","-0.45%"
"Aug 14, 2014","167.10","166.69","167.10","166.46","2.75M","0.37%"
"Aug 13, 2014","166.49","166.00","166.66","165.76","2.84M","0.60%"
"Aug 12, 2014","165.49","165.28","165.77","165.00","3.27M","-0.04%"
"Aug 11, 2014","165.55","165.96","166.15","165.47","5.76M","0.13%"
"Aug 08, 2014","165.34","163.67","165.38","163.44","5.41M","1.09%"
"Aug 07, 2014","163.55","164.85","164.89","163.13","4.96M","-0.40%"
"Aug 06, 2014","164.20","163.46","164.75","163.37","4.78M","0.17%"
"Aug 05, 2014","163.92","164.80","165.14","163.34","8.52M","-0.85%"
"Aug 04, 2014","165.33","164.80","165.61","164.11","4.40M","0.46%"
"Aug 01, 2014","164.57","164.80","165.51","164.01","7.44M","-0.44%"
"Jul 31, 2014","165.29","167.27","167.43","165.29","9.04M","-1.89%"
"Jul 30, 2014","168.48","169.27","169.52","167.78","5.45M","-0.18%"
"Jul 29, 2014","168.78","169.89","170.19","168.78","3.69M","-0.37%"
"Jul 28, 2014","169.41","169.23","169.65","168.37","3.61M","0.15%"
"Jul 25, 2014","169.16","169.77","169.85","168.76","5.72M","-0.75%"
"Jul 24, 2014","170.44","170.66","170.85","170.22","3.23M","-0.07%"
"Jul 23, 2014","170.56","170.81","170.81","170.20","2.61M","-0.11%"
"Jul 22, 2014","170.74","170.56","170.96","170.43","3.80M","0.33%"
"Jul 21, 2014","170.18","170.10","170.38","169.36","2.89M","-0.23%"
"Jul 18, 2014","170.58","169.95","170.76","169.74","6.93M","0.57%"
"Jul 17, 2014","169.61","170.81","171.32","169.46","6.15M","-0.85%"
"Jul 16, 2014","171.07","170.96","171.16","170.66","3.20M","0.40%"
"Jul 15, 2014","170.38","170.51","170.91","169.78","5.17M","0.05%"
"Jul 14, 2014","170.29","170.15","170.61","170.04","2.83M","0.64%"
"Jul 11, 2014","169.20","168.77","169.22","168.32","2.83M","0.14%"
"Jul 10, 2014","168.96","167.89","169.34","167.70","4.93M","-0.37%"
"Jul 09, 2014","169.58","169.18","169.73","168.86","3.55M","0.44%"
"Jul 08, 2014","168.84","169.58","169.60","168.44","5.44M","-0.60%"
"Jul 07, 2014","169.86","169.88","170.01","169.55","2.94M","-0.36%"
"Jul 03, 2014","170.47","169.85","170.47","169.73","2.07M","0.63%"
"Jul 02, 2014","169.40","169.31","169.51","169.18","1.93M","0.12%"
"Jul 01, 2014","169.20","168.29","169.64","168.23","4.91M","0.78%"
"Jun 30, 2014","167.89","167.91","168.35","167.65","6.49M","-0.17%"
"Jun 27, 2014","168.17","167.76","168.25","167.34","3.09M","0.05%"
"Jun 26, 2014","168.08","168.38","168.39","167.06","4.05M","-0.12%"
"Jun 25, 2014","168.28","167.52","168.48","167.51","3.66M","0.24%"
"Jun 24, 2014","167.87","168.83","169.33","167.67","4.86M","-0.62%"
"Jun 23, 2014","168.91","169.06","169.12","168.58","2.73M","-0.10%"
"Jun 20, 2014","169.08","169.25","169.42","168.96","5.37M","-0.01%"
"Jun 19, 2014","169.09","169.02","169.19","168.54","3.04M","0.09%"
"Jun 18, 2014","168.93","168.05","169.06","167.35","4.73M","0.55%"
"Jun 17, 2014","168.00","167.43","168.20","167.24","2.89M","0.18%"
"Jun 16, 2014","167.69","167.39","167.97","167.15","3.07M","0.04%"
"Jun 13, 2014","167.62","167.54","167.83","167.13","2.71M","0.20%"
"Jun 12, 2014","167.29","168.29","168.34","166.98","5.42M","-0.63%"
"Jun 11, 2014","168.35","168.75","168.81","168.09","3.07M","-0.59%"
"Jun 10, 2014","169.35","169.15","169.37","168.84","2.82M","0.06%"
"Jun 09, 2014","169.24","169.12","169.58","169.02","2.71M","0.09%"
"Jun 06, 2014","169.08","168.58","169.12","168.46","4.12M","0.56%"
"Jun 05, 2014","168.14","167.51","168.31","166.92","5.42M","0.60%"
"Jun 04, 2014","167.13","166.89","167.27","166.58","2.27M","0.07%"
"Jun 03, 2014","167.02","166.94","167.20","166.75","4.13M","-0.11%"
"Jun 02, 2014","167.20","167.25","167.40","166.63","4.45M","0.16%"
"May 30, 2014","166.93","166.60","167.02","166.30","2.77M","0.09%"
"May 29, 2014","166.78","166.47","166.79","166.03","2.76M","0.42%"
"May 28, 2014","166.09","166.54","166.55","165.95","3.68M","-0.23%"
"May 27, 2014","166.47","166.45","166.60","166.13","2.56M","0.39%"
"May 23, 2014","165.83","165.29","165.87","165.19","2.86M","0.39%"
"May 22, 2014","165.18","165.09","165.39","164.60","3.56M","0.12%"
"May 21, 2014","164.98","163.95","165.15","163.89","4.90M","1.02%"
"May 20, 2014","163.32","164.70","164.72","163.04","4.86M","-0.84%"
"May 19, 2014","164.71","164.14","164.91","164.03","2.88M","0.06%"
"May 16, 2014","164.61","164.16","164.64","163.77","5.12M","0.04%"
"May 15, 2014","164.55","165.78","165.87","164.02","7.54M","-0.94%"
"May 14, 2014","166.11","167.09","167.14","165.92","3.11M","-0.56%"
"May 13, 2014","167.05","167.10","167.29","166.95","4.13M","0.15%"
"May 12, 2014","166.80","166.31","166.93","166.28","3.95M","0.65%"
"May 09, 2014","165.72","165.29","165.78","164.87","4.23M","0.22%"
"May 08, 2014","165.35","165.02","166.07","164.86","6.00M","0.19%"
"May 07, 2014","165.03","164.51","165.08","163.39","5.58M","0.79%"
"May 06, 2014","163.73","164.66","164.68","163.68","5.28M","-0.73%"
"May 05, 2014","164.93","163.97","165.17","163.45","4.06M","0.11%"
"May 02, 2014","164.75","165.16","165.85","164.53","7.04M","-0.29%"
"May 01, 2014","165.23","165.30","165.71","164.90","3.89M","-0.13%"
"Apr 30, 2014","165.45","164.92","165.60","164.83","4.96M","0.27%"
"Apr 29, 2014","165.00","164.62","165.27","164.49","4.58M","0.51%"
"Apr 28, 2014","164.17","164.13","164.69","162.78","7.24M","0.50%"
"Apr 25, 2014","163.35","164.08","164.19","163.00","5.10M","-0.81%"
"Apr 24, 2014","164.69","165.01","165.11","164.19","4.03M","0.03%"
"Apr 23, 2014","164.64","164.94","164.99","164.45","3.55M","-0.10%"
"Apr 22, 2014","164.80","164.30","165.30","164.23","4.05M","0.47%"
"Apr 21, 2014","164.03","163.84","164.25","163.70","3.07M","0.17%"
"Apr 17, 2014","163.75","163.61","164.19","163.33","5.79M","-0.16%"
"Apr 16, 2014","164.02","163.43","164.03","162.93","5.87M","1.02%"
"Apr 15, 2014","162.36","161.67","162.47","160.38","8.49M","0.56%"
"Apr 14, 2014","161.45","161.08","161.62","160.27","6.27M","0.89%"
"Apr 11, 2014","160.02","160.67","161.32","159.88","11.07M","-0.90%"
"Apr 10, 2014","161.47","164.12","164.31","161.27","9.98M","-1.60%"
"Apr 09, 2014","164.10","163.00","164.14","162.43","6.02M","1.09%"
"Apr 08, 2014","162.33","162.10","162.73","161.55","5.93M","0.10%"
"Apr 07, 2014","162.16","163.58","163.93","162.12","8.63M","-1.05%"
"Apr 04, 2014","163.88","166.01","166.06","163.58","10.56M","-0.88%"
"Apr 03, 2014","165.34","165.72","165.75","164.96","4.45M","-0.02%"
"Apr 02, 2014","165.37","165.19","165.57","164.75","5.60M","0.25%"
"Apr 01, 2014","164.95","164.67","165.31","164.58","4.08M","0.43%"
"Mar 31, 2014","164.24","163.72","164.46","163.64","6.37M","0.85%"
"Mar 28, 2014","162.85","162.61","163.82","162.32","4.54M","0.35%"
"Mar 27, 2014","162.28","162.25","162.68","161.54","7.71M","-0.03%"
"Mar 26, 2014","162.33","164.07","164.33","162.32","6.13M","-0.65%"
"Mar 25, 2014","163.39","163.37","163.72","162.57","5.99M","0.58%"
"Mar 24, 2014","162.44","163.13","163.46","161.78","6.34M","-0.12%"
"Mar 21, 2014","162.63","163.47","164.20","162.53","7.63M","-0.41%"
"Mar 20, 2014","163.30","161.85","163.47","161.48","6.62M","0.68%"
"Mar 19, 2014","162.19","163.26","163.57","161.15","7.94M","-0.67%"
"Mar 18, 2014","163.28","162.69","163.64","162.55","7.09M","0.56%"
"Mar 17, 2014","162.37","161.40","162.67","161.33","6.64M","1.07%"
"Mar 14, 2014","160.65","160.73","161.60","160.38","8.60M","-0.25%"
"Mar 13, 2014","161.05","163.74","164.03","160.78","9.50M","-1.34%"
"Mar 12, 2014","163.23","162.66","163.57","162.47","5.26M","-0.12%"
"Mar 11, 2014","163.42","164.28","164.49","163.11","5.22M","-0.35%"
"Mar 10, 2014","163.99","164.05","164.16","163.18","4.00M","-0.21%"
"Mar 07, 2014","164.34","164.76","164.89","163.81","7.38M","0.15%"
"Mar 06, 2014","164.09","163.82","164.31","163.76","4.66M","0.45%"
"Mar 05, 2014","163.35","163.78","163.82","163.21","4.97M","-0.17%"
"Mar 04, 2014","163.63","163.13","164.00","163.05","7.95M","1.33%"
"Mar 03, 2014","161.49","161.59","162.19","160.49","9.16M","-0.94%"
"Feb 28, 2014","163.02","162.56","163.77","162.01","10.01M","0.29%"
"Feb 27, 2014","162.55","161.64","162.56","161.37","5.29M","0.44%"
"Feb 26, 2014","161.84","161.71","162.26","161.27","5.03M","0.21%"
"Feb 25, 2014","161.50","161.74","162.24","161.13","6.08M","-0.10%"
"Feb 24, 2014","161.66","161.02","162.69","160.97","6.71M","0.53%"
"Feb 21, 2014","160.81","161.08","161.62","160.62","5.27M","-0.31%"
"Feb 20, 2014","161.31","160.56","161.72","160.10","7.04M","0.49%"
"Feb 19, 2014","160.52","161.02","162.34","160.38","8.25M","-0.55%"
"Feb 18, 2014","161.41","161.70","161.76","161.13","4.97M","-0.11%"
"Feb 14, 2014","161.59","160.08","161.83","159.90","5.99M","0.81%"
"Feb 13, 2014","160.29","158.66","160.47","158.61","5.09M","0.36%"
"Feb 12, 2014","159.71","160.00","160.45","159.34","5.26M","-0.03%"
"Feb 11, 2014","159.76","158.06","160.09","157.94","7.62M","1.27%"
"Feb 10, 2014","157.75","157.76","157.82","157.13","4.79M","-0.02%"
"Feb 07, 2014","157.78","156.56","157.80","156.05","12.55M","1.05%"
"Feb 06, 2014","156.14","154.70","156.15","154.70","10.43M","1.27%"
"Feb 05, 2014","154.18","153.72","154.51","153.12","11.61M","0.06%"
"Feb 04, 2014","154.08","153.95","154.53","153.26","11.86M","0.36%"
"Feb 03, 2014","153.53","156.57","156.76","153.25","18.18M","-2.05%"
"Jan 31, 2014","156.75","156.23","157.70","155.85","10.69M","-0.90%"
"Jan 30, 2014","158.17","158.30","158.77","157.37","7.87M","0.68%"
"Jan 29, 2014","157.10","157.66","158.25","156.75","14.29M","-1.16%"
"Jan 28, 2014","158.94","158.47","159.17","158.28","8.32M","0.58%"
"Jan 27, 2014","158.02","158.71","159.11","157.51","14.28M","-0.29%"
"Jan 24, 2014","158.48","160.71","160.89","158.48","14.73M","-2.00%"
"Jan 23, 2014","161.71","162.43","162.43","161.07","9.96M","-1.08%"
"Jan 22, 2014","163.47","163.76","163.80","162.99","5.42M","-0.16%"
"Jan 21, 2014","163.73","165.03","165.05","162.79","9.43M","-0.21%"
"Jan 17, 2014","164.08","163.79","164.59","163.61","8.01M","0.06%"
"Jan 16, 2014","163.98","164.22","164.33","163.52","5.18M","-0.36%"
"Jan 15, 2014","164.57","163.66","164.80","163.59","7.78M","0.69%"
"Jan 14, 2014","163.45","162.74","163.47","162.37","7.34M","0.75%"
"Jan 13, 2014","162.24","163.90","164.28","162.14","10.68M","-1.18%"
"Jan 10, 2014","164.18","164.56","164.69","163.52","7.50M","-0.01%"
"Jan 09, 2014","164.19","164.95","164.99","163.52","8.22M","-0.10%"
"Jan 08, 2014","164.35","164.70","164.83","163.91","9.46M","-0.38%"
"Jan 07, 2014","164.97","164.66","165.29","164.52","5.39M","0.66%"
"Jan 06, 2014","163.89","164.99","165.06","163.71","7.45M","-0.30%"
"Jan 03, 2014","164.39","164.40","164.87","164.04","6.13M","0.17%"
"Jan 02, 2014","164.11","164.79","165.01","163.84","9.29M","-0.82%"